fixture,sample,hull_vertex_limit,repeat,warmup,phase,status,failure,nanoseconds,scratch_peak_bytes,cell_splits,final_leaves,occupied_leaves,predicates,filtered_predicates,filtered_fraction,exact_nanoseconds,wide_peak,max_planar_segments,max_planar_points,max_patch_vertices,max_patch_predicates,max_patch_nanoseconds,partition_nanoseconds,partition_fraction
staircase,4,64,0,True,decomposition,passed,,9634800,212096,3,4,4,24901,17342,0.69643789,3387400,21,4,4,0,0,0,7593700,0.78815336
staircase,4,64,1,False,decomposition,passed,,9826000,212096,3,4,4,24901,17342,0.69643789,3457000,21,4,4,0,0,0,7587500,0.77218604
staircase,4,64,2,False,decomposition,passed,,9620400,212096,3,4,4,24901,17342,0.69643789,3378200,21,4,4,0,0,0,7593200,0.78928111
staircase,4,64,3,False,decomposition,passed,,9607700,212096,3,4,4,24901,17342,0.69643789,3375700,21,4,4,0,0,0,7559400,0.78680642
staircase,8,64,0,True,decomposition,passed,,29967200,420832,7,8,8,80506,60346,0.74958388,9649500,21,4,4,0,0,0,25645300,0.85577899
staircase,8,64,1,False,decomposition,passed,,29754800,420832,7,8,8,80506,60346,0.74958388,9494700,21,4,4,0,0,0,25646900,0.8619416
staircase,8,64,2,False,decomposition,passed,,30267600,420832,7,8,8,80506,60346,0.74958388,9651400,21,4,4,0,0,0,26133600,0.86341831
staircase,8,64,3,False,decomposition,passed,,30711500,420832,7,8,8,80506,60346,0.74958388,9507800,21,4,4,0,0,0,26585700,0.86565944
staircase,16,64,0,True,decomposition,passed,,135219800,924320,15,16,16,349539,277906,0.79506436,37854400,21,4,4,0,0,0,126979300,0.93905848
staircase,16,64,1,False,decomposition,passed,,138599200,924320,15,16,16,349539,277906,0.79506436,39061700,21,4,4,0,0,0,129289300,0.93282862
staircase,16,64,2,False,decomposition,passed,,133815300,924320,15,16,16,349539,277906,0.79506436,38197300,21,4,4,0,0,0,124909300,0.93344558
staircase,16,64,3,False,decomposition,passed,,134719400,924320,15,16,16,349539,277906,0.79506436,37419700,21,4,4,0,0,0,125894300,0.93449273
staircase,32,64,0,True,decomposition,passed,,869117200,2275360,31,32,32,1984308,1619138,0.81597111,228856400,21,4,4,0,0,0,849086900,0.97695328
staircase,32,64,1,False,decomposition,passed,,827992800,2275360,31,32,32,1984308,1619138,0.81597111,216395600,21,4,4,0,0,0,810501500,0.97887506
staircase,32,64,2,False,decomposition,passed,,820705800,2275360,31,32,32,1984308,1619138,0.81597111,213587600,21,4,4,0,0,0,802795900,0.97817744
staircase,32,64,3,False,decomposition,passed,,846265700,2275360,31,32,32,1984308,1619138,0.81597111,221463300,21,4,4,0,0,0,829197500,0.97983116
staircase,64,64,0,True,decomposition,passed,,5781053000,6353696,63,64,64,13366997,10965282,0.82032501,1465361000,21,4,4,0,0,0,5746734000,0.99406354
staircase,64,64,1,False,decomposition,passed,,5818958600,6353696,63,64,64,13366997,10965282,0.82032501,1474320400,21,4,4,0,0,0,5783766700,0.9939522
staircase,64,64,2,False,decomposition,passed,,5847777500,6353696,63,64,64,13366997,10965282,0.82032501,1483596900,21,4,4,0,0,0,5813023100,0.99405682
staircase,64,64,3,False,decomposition,passed,,5749701100,6353696,63,64,64,13366997,10965282,0.82032501,1459179400,21,4,4,0,0,0,5713253000,0.99366087
