fixture,sample,hull_vertex_limit,repeat,warmup,phase,status,failure,nanoseconds,scratch_peak_bytes,cell_splits,final_leaves,occupied_leaves,predicates,filtered_predicates,filtered_fraction,exact_nanoseconds,wide_peak,max_planar_segments,max_planar_points,max_patch_vertices,max_patch_predicates,max_patch_nanoseconds,partition_nanoseconds,partition_fraction,input_vertices,input_triangles,sites,operation_input_triangles,render_output_vertices,render_output_triangles,render_triangle_ratio,pieces,hulls,hull_points,hulls_per_piece,points_per_piece
wall,0,64,0,True,generation,passed,,218591800,16301016,2484,64,64,572470,200696,0.35057907,79324400,23,4,4,4,6,8300,0,0.0,8,12,64,12,1536,768,64.0,64,,,,
wall,0,64,0,True,decomposition,passed,,171803600,2834392,0,64,64,278472,119088,0.42764802,80005200,21,3,3,0,0,0,111341900,0.64807664,8,12,64,768,,,,64,64,512,1;1;1;1;1;1;1;1;1;1;1;1;1;1;1;1;1;1;1;1;1;1;1;1;1;1;1;1;1;1;1;1;1;1;1;1;1;1;1;1;1;1;1;1;1;1;1;1;1;1;1;1;1;1;1;1;1;1;1;1;1;1;1;1,8;8;8;8;8;8;8;8;8;8;8;8;8;8;8;8;8;8;8;8;8;8;8;8;8;8;8;8;8;8;8;8;8;8;8;8;8;8;8;8;8;8;8;8;8;8;8;8;8;8;8;8;8;8;8;8;8;8;8;8;8;8;8;8
wall,0,64,1,False,generation,passed,,216931700,16301016,2484,64,64,572470,200696,0.35057907,79073800,23,4,4,4,6,9800,0,0.0,8,12,64,12,1536,768,64.0,64,,,,
wall,0,64,1,False,decomposition,passed,,165225300,2834392,0,64,64,278472,119088,0.42764802,77594900,21,3,3,0,0,0,104703300,0.63370017,8,12,64,768,,,,64,64,512,1;1;1;1;1;1;1;1;1;1;1;1;1;1;1;1;1;1;1;1;1;1;1;1;1;1;1;1;1;1;1;1;1;1;1;1;1;1;1;1;1;1;1;1;1;1;1;1;1;1;1;1;1;1;1;1;1;1;1;1;1;1;1;1,8;8;8;8;8;8;8;8;8;8;8;8;8;8;8;8;8;8;8;8;8;8;8;8;8;8;8;8;8;8;8;8;8;8;8;8;8;8;8;8;8;8;8;8;8;8;8;8;8;8;8;8;8;8;8;8;8;8;8;8;8;8;8;8
wall,0,64,2,False,generation,passed,,224091100,16301016,2484,64,64,572470,200696,0.35057907,80454800,23,4,4,4,6,34400,0,0.0,8,12,64,12,1536,768,64.0,64,,,,
wall,0,64,2,False,decomposition,passed,,165253500,2834392,0,64,64,278472,119088,0.42764802,77425700,21,3,3,0,0,0,105273200,0.63704067,8,12,64,768,,,,64,64,512,1;1;1;1;1;1;1;1;1;1;1;1;1;1;1;1;1;1;1;1;1;1;1;1;1;1;1;1;1;1;1;1;1;1;1;1;1;1;1;1;1;1;1;1;1;1;1;1;1;1;1;1;1;1;1;1;1;1;1;1;1;1;1;1,8;8;8;8;8;8;8;8;8;8;8;8;8;8;8;8;8;8;8;8;8;8;8;8;8;8;8;8;8;8;8;8;8;8;8;8;8;8;8;8;8;8;8;8;8;8;8;8;8;8;8;8;8;8;8;8;8;8;8;8;8;8;8;8
wall,0,64,3,False,generation,passed,,215186100,16301016,2484,64,64,572470,200696,0.35057907,78090800,23,4,4,4,6,9400,0,0.0,8,12,64,12,1536,768,64.0,64,,,,
wall,0,64,3,False,decomposition,passed,,170726300,2834392,0,64,64,278472,119088,0.42764802,79276500,21,3,3,0,0,0,109242100,0.63986685,8,12,64,768,,,,64,64,512,1;1;1;1;1;1;1;1;1;1;1;1;1;1;1;1;1;1;1;1;1;1;1;1;1;1;1;1;1;1;1;1;1;1;1;1;1;1;1;1;1;1;1;1;1;1;1;1;1;1;1;1;1;1;1;1;1;1;1;1;1;1;1;1,8;8;8;8;8;8;8;8;8;8;8;8;8;8;8;8;8;8;8;8;8;8;8;8;8;8;8;8;8;8;8;8;8;8;8;8;8;8;8;8;8;8;8;8;8;8;8;8;8;8;8;8;8;8;8;8;8;8;8;8;8;8;8;8
concave,0,64,0,True,generation,passed,,34096300,514880,32,6,6,98886,35413,0.35811945,13248900,23,11,6,6,35,35400,0,0.0,12,20,8,20,176,104,5.2,6,,,,
concave,0,64,0,True,decomposition,passed,,22668500,407304,0,6,6,40092,17709,0.44170907,10294100,21,3,3,0,0,0,16334100,0.72056378,12,20,8,104,,,,6,6,64,1;1;1;1;1;1,10;10;11;11;11;11
concave,0,64,1,False,generation,passed,,36412500,514880,32,6,6,98886,35413,0.35811945,13940800,23,11,6,6,35,36700,0,0.0,12,20,8,20,176,104,5.2,6,,,,
concave,0,64,1,False,decomposition,passed,,23152800,407304,0,6,6,40092,17709,0.44170907,10652000,21,3,3,0,0,0,16602700,0.71709253,12,20,8,104,,,,6,6,64,1;1;1;1;1;1,10;10;11;11;11;11
concave,0,64,2,False,generation,passed,,35546500,514880,32,6,6,98886,35413,0.35811945,13645900,23,11,6,6,35,35100,0,0.0,12,20,8,20,176,104,5.2,6,,,,
concave,0,64,2,False,decomposition,passed,,23528800,407304,0,6,6,40092,17709,0.44170907,10817900,21,3,3,0,0,0,17142700,0.72858369,12,20,8,104,,,,6,6,64,1;1;1;1;1;1,10;10;11;11;11;11
concave,0,64,3,False,generation,passed,,36051700,514880,32,6,6,98886,35413,0.35811945,14413400,23,11,6,6,35,35700,0,0.0,12,20,8,20,176,104,5.2,6,,,,
concave,0,64,3,False,decomposition,passed,,22734900,407304,0,6,6,40092,17709,0.44170907,10429500,21,3,3,0,0,0,16361100,0.71964689,12,20,8,104,,,,6,6,64,1;1;1;1;1;1,10;10;11;11;11;11
hollow,0,64,0,True,generation,passed,,65989200,1041648,141,24,24,184540,74256,0.40238431,24509400,23,12,8,6,58,51900,0,0.0,16,24,8,24,336,192,8.0,8,,,,
hollow,0,64,0,True,decomposition,passed,,74207700,1162488,32,40,40,146514,53844,0.36750072,32732400,21,6,6,0,0,0,50074100,0.67478308,16,24,8,192,,,,8,40,256,5;5;5;5;5;5;5;5,32;32;32;32;32;32;32;32
hollow,0,64,1,False,generation,passed,,73434300,1041648,141,24,24,184540,74256,0.40238431,26298200,23,12,8,6,58,55400,0,0.0,16,24,8,24,336,192,8.0,8,,,,
hollow,0,64,1,False,decomposition,passed,,73552900,1162488,32,40,40,146514,53844,0.36750072,33644800,21,6,6,0,0,0,50273000,0.68349446,16,24,8,192,,,,8,40,256,5;5;5;5;5;5;5;5,32;32;32;32;32;32;32;32
hollow,0,64,2,False,generation,passed,,65887300,1041648,141,24,24,184540,74256,0.40238431,24150800,23,12,8,6,58,51500,0,0.0,16,24,8,24,336,192,8.0,8,,,,
hollow,0,64,2,False,decomposition,passed,,73695300,1162488,32,40,40,146514,53844,0.36750072,33601900,21,6,6,0,0,0,49780500,0.67549084,16,24,8,192,,,,8,40,256,5;5;5;5;5;5;5;5,32;32;32;32;32;32;32;32
hollow,0,64,3,False,generation,passed,,66867400,1041648,141,24,24,184540,74256,0.40238431,23928800,23,12,8,6,58,51800,0,0.0,16,24,8,24,336,192,8.0,8,,,,
hollow,0,64,3,False,decomposition,passed,,72946800,1162488,32,40,40,146514,53844,0.36750072,32953400,21,6,6,0,0,0,49115700,0.67330849,16,24,8,192,,,,8,40,256,5;5;5;5;5;5;5;5,32;32;32;32;32;32;32;32
impact_local,0,64,0,True,generation,passed,,294655800,10144600,1599,64,64,720013,290692,0.4037316,112503700,23,7,7,7,105,136900,0,0.0,8,12,64,12,1944,1072,89.33333333,64,,,,
impact_local,0,64,0,True,decomposition,passed,,273010700,3918512,0,64,64,431772,200540,0.46445809,125072300,21,3,3,0,0,0,178839200,0.65506297,8,12,64,1072,,,,64,64,664,1;1;1;1;1;1;1;1;1;1;1;1;1;1;1;1;1;1;1;1;1;1;1;1;1;1;1;1;1;1;1;1;1;1;1;1;1;1;1;1;1;1;1;1;1;1;1;1;1;1;1;1;1;1;1;1;1;1;1;1;1;1;1;1,10;10;10;10;10;10;10;10;10;10;10;10;12;12;12;12;10;10;10;10;10;10;12;12;10;10;8;8;8;8;12;12;10;8;9;8;8;9;9;9;11;10;11;11;10;10;11;10;14;15;8;8;10;10;14;15;11;11;11;10;10;11;11;13
impact_local,0,64,1,False,generation,passed,,292716000,10144600,1599,64,64,720013,290692,0.4037316,109561300,23,7,7,7,105,130700,0,0.0,8,12,64,12,1944,1072,89.33333333,64,,,,
impact_local,0,64,1,False,decomposition,passed,,267194500,3918512,0,64,64,431772,200540,0.46445809,121064100,21,3,3,0,0,0,174635100,0.65358793,8,12,64,1072,,,,64,64,664,1;1;1;1;1;1;1;1;1;1;1;1;1;1;1;1;1;1;1;1;1;1;1;1;1;1;1;1;1;1;1;1;1;1;1;1;1;1;1;1;1;1;1;1;1;1;1;1;1;1;1;1;1;1;1;1;1;1;1;1;1;1;1;1,10;10;10;10;10;10;10;10;10;10;10;10;12;12;12;12;10;10;10;10;10;10;12;12;10;10;8;8;8;8;12;12;10;8;9;8;8;9;9;9;11;10;11;11;10;10;11;10;14;15;8;8;10;10;14;15;11;11;11;10;10;11;11;13
impact_local,0,64,2,False,generation,passed,,286012400,10144600,1599,64,64,720013,290692,0.4037316,108202000,23,7,7,7,105,132200,0,0.0,8,12,64,12,1944,1072,89.33333333,64,,,,
impact_local,0,64,2,False,decomposition,passed,,272213100,3918512,0,64,64,431772,200540,0.46445809,121848400,21,3,3,0,0,0,175124600,0.64333642,8,12,64,1072,,,,64,64,664,1;1;1;1;1;1;1;1;1;1;1;1;1;1;1;1;1;1;1;1;1;1;1;1;1;1;1;1;1;1;1;1;1;1;1;1;1;1;1;1;1;1;1;1;1;1;1;1;1;1;1;1;1;1;1;1;1;1;1;1;1;1;1;1,10;10;10;10;10;10;10;10;10;10;10;10;12;12;12;12;10;10;10;10;10;10;12;12;10;10;8;8;8;8;12;12;10;8;9;8;8;9;9;9;11;10;11;11;10;10;11;10;14;15;8;8;10;10;14;15;11;11;11;10;10;11;11;13
impact_local,0,64,3,False,generation,passed,,294718400,10144600,1599,64,64,720013,290692,0.4037316,111991800,23,7,7,7,105,129300,0,0.0,8,12,64,12,1944,1072,89.33333333,64,,,,
impact_local,0,64,3,False,decomposition,passed,,275972700,3918512,0,64,64,431772,200540,0.46445809,123635300,21,3,3,0,0,0,178294500,0.64605847,8,12,64,1072,,,,64,64,664,1;1;1;1;1;1;1;1;1;1;1;1;1;1;1;1;1;1;1;1;1;1;1;1;1;1;1;1;1;1;1;1;1;1;1;1;1;1;1;1;1;1;1;1;1;1;1;1;1;1;1;1;1;1;1;1;1;1;1;1;1;1;1;1,10;10;10;10;10;10;10;10;10;10;10;10;12;12;12;12;10;10;10;10;10;10;12;12;10;10;8;8;8;8;12;12;10;8;9;8;8;9;9;9;11;10;11;11;10;10;11;10;14;15;8;8;10;10;14;15;11;11;11;10;10;11;11;13
staircase,4,64,0,True,decomposition,passed,,7877000,212096,3,4,4,26786,13363,0.49888001,3165800,21,4,4,0,0,0,5764000,0.73175067,20,36,0,36,,,,1,4,32,4,32
staircase,4,64,1,False,decomposition,passed,,8856600,212096,3,4,4,26786,13363,0.49888001,3489200,21,4,4,0,0,0,6782100,0.7657679,20,36,0,36,,,,1,4,32,4,32
staircase,4,64,2,False,decomposition,passed,,8870000,212096,3,4,4,26786,13363,0.49888001,3154900,21,4,4,0,0,0,6804400,0.76712514,20,36,0,36,,,,1,4,32,4,32
staircase,4,64,3,False,decomposition,passed,,8343600,212096,3,4,4,26786,13363,0.49888001,3338300,21,4,4,0,0,0,6277800,0.75240903,20,36,0,36,,,,1,4,32,4,32
staircase,8,64,0,True,decomposition,passed,,20589500,420832,7,8,8,76979,40091,0.52080438,7740200,21,4,4,0,0,0,16407600,0.79689162,36,68,0,68,,,,1,8,64,8,64
staircase,8,64,1,False,decomposition,passed,,20463700,420832,7,8,8,76979,40091,0.52080438,7859500,21,4,4,0,0,0,16274600,0.79529117,36,68,0,68,,,,1,8,64,8,64
staircase,8,64,2,False,decomposition,passed,,20892300,420832,7,8,8,76979,40091,0.52080438,8200100,21,4,4,0,0,0,16120100,0.77158092,36,68,0,68,,,,1,8,64,8,64
staircase,8,64,3,False,decomposition,passed,,20272600,420832,7,8,8,76979,40091,0.52080438,7559900,21,4,4,0,0,0,16101300,0.79423952,36,68,0,68,,,,1,8,64,8,64
staircase,16,64,0,True,decomposition,passed,,68059900,924320,15,16,16,264539,151563,0.57293254,22029800,21,4,4,0,0,0,57658800,0.84717727,68,132,0,132,,,,1,16,128,16,128
staircase,16,64,1,False,decomposition,passed,,66430400,924320,15,16,16,264539,151563,0.57293254,22810200,21,4,4,0,0,0,56377900,0.84867621,68,132,0,132,,,,1,16,128,16,128
staircase,16,64,2,False,decomposition,passed,,68022400,924320,15,16,16,264539,151563,0.57293254,23939800,21,4,4,0,0,0,57887100,0.85100055,68,132,0,132,,,,1,16,128,16,128
staircase,16,64,3,False,decomposition,passed,,67242100,924320,15,16,16,264539,151563,0.57293254,21826800,21,4,4,0,0,0,58777000,0.87411012,68,132,0,132,,,,1,16,128,16,128
staircase,32,64,0,True,decomposition,passed,,301503400,2275360,31,32,32,1112869,728427,0.65454874,86216900,21,4,4,0,0,0,283417100,0.94001295,132,260,0,260,,,,1,32,256,32,256
staircase,32,64,1,False,decomposition,passed,,310715600,2275360,31,32,32,1112869,728427,0.65454874,85844100,21,4,4,0,0,0,291697400,0.93879226,132,260,0,260,,,,1,32,256,32,256
staircase,32,64,2,False,decomposition,passed,,300351600,2275360,31,32,32,1112869,728427,0.65454874,81595600,21,4,4,0,0,0,281101800,0.93590911,132,260,0,260,,,,1,32,256,32,256
staircase,32,64,3,False,decomposition,passed,,299612200,2275360,31,32,32,1112869,728427,0.65454874,83551400,21,4,4,0,0,0,280673400,0.93678896,132,260,0,260,,,,1,32,256,32,256
staircase,64,64,0,True,decomposition,passed,,1711257000,6353696,63,64,64,5691529,4272683,0.75070917,376690100,21,4,4,0,0,0,1676318200,0.97958296,260,516,0,516,,,,1,64,512,64,512
staircase,64,64,1,False,decomposition,passed,,1719828400,6353696,63,64,64,5691529,4272683,0.75070917,379442100,21,4,4,0,0,0,1683176800,0.9786888,260,516,0,516,,,,1,64,512,64,512
staircase,64,64,2,False,decomposition,passed,,1740342800,6353696,63,64,64,5691529,4272683,0.75070917,379045800,21,4,4,0,0,0,1705342400,0.97988879,260,516,0,516,,,,1,64,512,64,512
staircase,64,64,3,False,decomposition,passed,,1741469900,6353696,63,64,64,5691529,4272683,0.75070917,380499200,21,4,4,0,0,0,1705352700,0.97926051,260,516,0,516,,,,1,64,512,64,512
rotation_box,0,128,0,True,decomposition,passed,,2466900,76456,0,1,1,3030,1089,0.35940594,1282000,21,3,3,0,0,0,1982000,0.80343751,8,12,0,12,,,,1,1,8,1,8
rotation_box,0,128,1,False,decomposition,passed,,2288600,76456,0,1,1,3030,1089,0.35940594,1156900,21,3,3,0,0,0,1806100,0.78917242,8,12,0,12,,,,1,1,8,1,8
rotation_box,0,128,2,False,decomposition,passed,,2313500,76456,0,1,1,3030,1089,0.35940594,1173600,21,3,3,0,0,0,1820100,0.78673006,8,12,0,12,,,,1,1,8,1,8
rotation_box,0,128,3,False,decomposition,passed,,2371500,76456,0,1,1,3030,1089,0.35940594,1211300,21,3,3,0,0,0,1869300,0.78823529,8,12,0,12,,,,1,1,8,1,8
rotation_box,0,4,0,True,decomposition,passed,,2366100,76456,0,1,1,3044,1103,0.36235217,1222100,21,3,3,0,0,0,1825600,0.77156502,8,12,0,12,,,,1,12,48,12,48
rotation_box,0,4,1,False,decomposition,passed,,2351800,76456,0,1,1,3044,1103,0.36235217,1226200,21,3,3,0,0,0,1812100,0.7705162,8,12,0,12,,,,1,12,48,12,48
rotation_box,0,4,2,False,decomposition,passed,,2461900,76456,0,1,1,3044,1103,0.36235217,1307300,21,3,3,0,0,0,1925400,0.78207888,8,12,0,12,,,,1,12,48,12,48
rotation_box,0,4,3,False,decomposition,passed,,2365500,76456,0,1,1,3044,1103,0.36235217,1219000,21,3,3,0,0,0,1831400,0.77421264,8,12,0,12,,,,1,12,48,12,48
rotation_box,1,128,0,True,decomposition,passed,,2365600,76456,0,1,1,2994,1053,0.35170341,1192500,21,3,3,0,0,0,1872600,0.79159621,8,12,0,12,,,,1,1,8,1,8
rotation_box,1,128,1,False,decomposition,passed,,2319500,76456,0,1,1,2994,1053,0.35170341,1172400,21,3,3,0,0,0,1835400,0.79129123,8,12,0,12,,,,1,1,8,1,8
rotation_box,1,128,2,False,decomposition,passed,,2901800,76456,0,1,1,2994,1053,0.35170341,1745600,21,3,3,0,0,0,1818600,0.62671445,8,12,0,12,,,,1,1,8,1,8
rotation_box,1,128,3,False,decomposition,passed,,2391900,76456,0,1,1,2994,1053,0.35170341,1185200,21,3,3,0,0,0,1898500,0.79372047,8,12,0,12,,,,1,1,8,1,8
rotation_box,1,4,0,True,decomposition,passed,,2362800,76456,0,1,1,3008,1067,0.35472074,1203700,21,3,3,0,0,0,1827900,0.77361605,8,12,0,12,,,,1,12,48,12,48
rotation_box,1,4,1,False,decomposition,passed,,2351200,76456,0,1,1,3008,1067,0.35472074,1214400,21,3,3,0,0,0,1835200,0.7805376,8,12,0,12,,,,1,12,48,12,48
rotation_box,1,4,2,False,decomposition,passed,,2332300,76456,0,1,1,3008,1067,0.35472074,1187100,21,3,3,0,0,0,1808800,0.77554345,8,12,0,12,,,,1,12,48,12,48
rotation_box,1,4,3,False,decomposition,passed,,2329100,76456,0,1,1,3008,1067,0.35472074,1201000,21,3,3,0,0,0,1802200,0.77377528,8,12,0,12,,,,1,12,48,12,48
rotation_box,2,128,0,True,decomposition,passed,,2955300,76520,0,1,1,2998,1065,0.35523682,1469500,21,3,3,0,0,0,2348600,0.79470781,8,12,0,12,,,,1,1,8,1,8
rotation_box,2,128,1,False,decomposition,passed,,2429700,76520,0,1,1,2998,1065,0.35523682,1282400,21,3,3,0,0,0,1912500,0.78713421,8,12,0,12,,,,1,1,8,1,8
rotation_box,2,128,2,False,decomposition,passed,,2346500,76520,0,1,1,2998,1065,0.35523682,1195000,21,3,3,0,0,0,1836300,0.78256978,8,12,0,12,,,,1,1,8,1,8
rotation_box,2,128,3,False,decomposition,passed,,2309400,76520,0,1,1,2998,1065,0.35523682,1162500,21,3,3,0,0,0,1821300,0.7886464,8,12,0,12,,,,1,1,8,1,8
rotation_box,2,4,0,True,decomposition,passed,,2337300,76520,0,1,1,3013,1080,0.35844673,1190600,21,3,3,0,0,0,1813600,0.77593805,8,12,0,12,,,,1,12,48,12,48
rotation_box,2,4,1,False,decomposition,passed,,2375700,76520,0,1,1,3013,1080,0.35844673,1208500,21,3,3,0,0,0,1851700,0.77943343,8,12,0,12,,,,1,12,48,12,48
rotation_box,2,4,2,False,decomposition,passed,,2393200,76520,0,1,1,3013,1080,0.35844673,1231800,21,3,3,0,0,0,1842600,0.76993147,8,12,0,12,,,,1,12,48,12,48
rotation_box,2,4,3,False,decomposition,passed,,2414300,76520,0,1,1,3013,1080,0.35844673,1203400,21,3,3,0,0,0,1890400,0.78300128,8,12,0,12,,,,1,12,48,12,48
rotation_box,3,128,0,True,decomposition,passed,,2390900,76648,0,1,1,3058,1131,0.36984957,1231400,21,3,3,0,0,0,1898300,0.7939688,8,12,0,12,,,,1,1,8,1,8
rotation_box,3,128,1,False,decomposition,passed,,2339400,76648,0,1,1,3058,1131,0.36984957,1200300,21,3,3,0,0,0,1840800,0.78686843,8,12,0,12,,,,1,1,8,1,8
rotation_box,3,128,2,False,decomposition,passed,,2977800,76648,0,1,1,3058,1131,0.36984957,1668800,21,3,3,0,0,0,2444600,0.82094163,8,12,0,12,,,,1,1,8,1,8
rotation_box,3,128,3,False,decomposition,passed,,2365800,76648,0,1,1,3058,1131,0.36984957,1200000,21,3,3,0,0,0,1870400,0.79059937,8,12,0,12,,,,1,1,8,1,8
rotation_box,3,4,0,True,decomposition,passed,,2510700,76648,0,1,1,3074,1147,0.37312947,1358200,21,3,3,0,0,0,1879300,0.74851635,8,12,0,12,,,,1,12,48,12,48
rotation_box,3,4,1,False,decomposition,passed,,2693600,76648,0,1,1,3074,1147,0.37312947,1378600,21,3,3,0,0,0,2169500,0.80542768,8,12,0,12,,,,1,12,48,12,48
rotation_box,3,4,2,False,decomposition,passed,,2397800,76648,0,1,1,3074,1147,0.37312947,1236500,21,3,3,0,0,0,1875200,0.78205021,8,12,0,12,,,,1,12,48,12,48
rotation_box,3,4,3,False,decomposition,passed,,2417800,76648,0,1,1,3074,1147,0.37312947,1240800,21,3,3,0,0,0,1889900,0.78166101,8,12,0,12,,,,1,12,48,12,48
rotation_box,4,128,0,True,decomposition,passed,,2352300,76456,0,1,1,3094,1167,0.37718164,1202400,21,3,3,0,0,0,1852500,0.7875271,8,12,0,12,,,,1,1,8,1,8
rotation_box,4,128,1,False,decomposition,passed,,2354200,76456,0,1,1,3094,1167,0.37718164,1213100,21,3,3,0,0,0,1865000,0.79220117,8,12,0,12,,,,1,1,8,1,8
rotation_box,4,128,2,False,decomposition,passed,,2356300,76456,0,1,1,3094,1167,0.37718164,1201200,21,3,3,0,0,0,1876700,0.79646055,8,12,0,12,,,,1,1,8,1,8
rotation_box,4,128,3,False,decomposition,passed,,2566900,76456,0,1,1,3094,1167,0.37718164,1328300,21,3,3,0,0,0,2068300,0.80575792,8,12,0,12,,,,1,1,8,1,8
rotation_box,4,4,0,True,decomposition,passed,,2577400,76456,0,1,1,3112,1185,0.38078406,1389900,21,3,3,0,0,0,1838500,0.71331574,8,12,0,12,,,,1,12,48,12,48
rotation_box,4,4,1,False,decomposition,passed,,2398000,76456,0,1,1,3112,1185,0.38078406,1206000,21,3,3,0,0,0,1863800,0.77723103,8,12,0,12,,,,1,12,48,12,48
rotation_box,4,4,2,False,decomposition,passed,,2391900,76456,0,1,1,3112,1185,0.38078406,1234000,21,3,3,0,0,0,1866100,0.78017476,8,12,0,12,,,,1,12,48,12,48
rotation_box,4,4,3,False,decomposition,passed,,2505300,76456,0,1,1,3112,1185,0.38078406,1242700,21,3,3,0,0,0,1975800,0.78864807,8,12,0,12,,,,1,12,48,12,48
rotation_box,5,128,0,True,decomposition,passed,,2666500,77256,0,1,1,3112,1191,0.38271208,1429500,21,3,3,0,0,0,2091100,0.78421151,8,12,0,12,,,,1,1,8,1,8
rotation_box,5,128,1,False,decomposition,passed,,4081500,77256,0,1,1,3112,1191,0.38271208,1260500,21,3,3,0,0,0,3568700,0.87435992,8,12,0,12,,,,1,1,8,1,8
rotation_box,5,128,2,False,decomposition,passed,,2399200,77256,0,1,1,3112,1191,0.38271208,1228600,21,3,3,0,0,0,1900400,0.79209737,8,12,0,12,,,,1,1,8,1,8
rotation_box,5,128,3,False,decomposition,passed,,2387100,77256,0,1,1,3112,1191,0.38271208,1215900,21,3,3,0,0,0,1897300,0.79481379,8,12,0,12,,,,1,1,8,1,8
rotation_box,5,4,0,True,decomposition,passed,,2451500,77256,0,1,1,3130,1209,0.38626198,1283900,21,3,3,0,0,0,1920900,0.78356109,8,12,0,12,,,,1,12,48,12,48
rotation_box,5,4,1,False,decomposition,passed,,2481500,77256,0,1,1,3130,1209,0.38626198,1268700,21,3,3,0,0,0,1947300,0.78472698,8,12,0,12,,,,1,12,48,12,48
rotation_box,5,4,2,False,decomposition,passed,,2632200,77256,0,1,1,3130,1209,0.38626198,1298600,21,3,3,0,0,0,1910200,0.72570473,8,12,0,12,,,,1,12,48,12,48
rotation_box,5,4,3,False,decomposition,passed,,2451000,77256,0,1,1,3130,1209,0.38626198,1274900,21,3,3,0,0,0,1909400,0.77902897,8,12,0,12,,,,1,12,48,12,48
rotation_box,6,128,0,True,decomposition,passed,,2355300,76456,0,1,1,3106,1185,0.38151964,1188000,21,3,3,0,0,0,1865600,0.79208593,8,12,0,12,,,,1,1,8,1,8
rotation_box,6,128,1,False,decomposition,passed,,2377700,76456,0,1,1,3106,1185,0.38151964,1170600,21,3,3,0,0,0,1858800,0.78176389,8,12,0,12,,,,1,1,8,1,8
rotation_box,6,128,2,False,decomposition,passed,,2328600,76456,0,1,1,3106,1185,0.38151964,1162200,21,3,3,0,0,0,1841800,0.79094735,8,12,0,12,,,,1,1,8,1,8
rotation_box,6,128,3,False,decomposition,passed,,2431400,76456,0,1,1,3106,1185,0.38151964,1179200,21,3,3,0,0,0,1945400,0.80011516,8,12,0,12,,,,1,1,8,1,8
rotation_box,6,4,0,True,decomposition,passed,,2416900,76456,0,1,1,3125,1204,0.38528,1247900,21,3,3,0,0,0,1884700,0.77980057,8,12,0,12,,,,1,12,48,12,48
rotation_box,6,4,1,False,decomposition,passed,,2398600,76456,0,1,1,3125,1204,0.38528,1206900,21,3,3,0,0,0,1871800,0.78037188,8,12,0,12,,,,1,12,48,12,48
rotation_box,6,4,2,False,decomposition,passed,,2403900,76456,0,1,1,3125,1204,0.38528,1227400,21,3,3,0,0,0,1874500,0.77977453,8,12,0,12,,,,1,12,48,12,48
rotation_box,6,4,3,False,decomposition,passed,,2399100,76456,0,1,1,3125,1204,0.38528,1228200,21,3,3,0,0,0,1843200,0.76828811,8,12,0,12,,,,1,12,48,12,48
rotation_box,7,128,0,True,decomposition,passed,,2399400,76584,0,1,1,3084,1173,0.38035019,1217600,21,3,3,0,0,0,1899500,0.79165625,8,12,0,12,,,,1,1,8,1,8
rotation_box,7,128,1,False,decomposition,passed,,2429800,76584,0,1,1,3084,1173,0.38035019,1184800,21,3,3,0,0,0,1940100,0.79846078,8,12,0,12,,,,1,1,8,1,8
rotation_box,7,128,2,False,decomposition,passed,,2363000,76584,0,1,1,3084,1173,0.38035019,1210000,21,3,3,0,0,0,1858500,0.78650021,8,12,0,12,,,,1,1,8,1,8
rotation_box,7,128,3,False,decomposition,passed,,3094300,76584,0,1,1,3084,1173,0.38035019,1684400,21,3,3,0,0,0,2597500,0.83944672,8,12,0,12,,,,1,1,8,1,8
rotation_box,7,4,0,True,decomposition,passed,,2402500,76584,0,1,1,3103,1192,0.38414438,1214400,21,3,3,0,0,0,1866100,0.77673257,8,12,0,12,,,,1,12,48,12,48
rotation_box,7,4,1,False,decomposition,passed,,2479200,76584,0,1,1,3103,1192,0.38414438,1277200,21,3,3,0,0,0,1906700,0.76907874,8,12,0,12,,,,1,12,48,12,48
rotation_box,7,4,2,False,decomposition,passed,,2445800,76584,0,1,1,3103,1192,0.38414438,1258600,21,3,3,0,0,0,1864300,0.76224548,8,12,0,12,,,,1,12,48,12,48
rotation_box,7,4,3,False,decomposition,passed,,2391200,76584,0,1,1,3103,1192,0.38414438,1218100,21,3,3,0,0,0,1858700,0.77730846,8,12,0,12,,,,1,12,48,12,48
rotation_box,8,128,0,True,decomposition,passed,,2321500,76456,0,1,1,2974,1065,0.35810356,1178900,21,3,3,0,0,0,1841100,0.79306483,8,12,0,12,,,,1,1,8,1,8
rotation_box,8,128,1,False,decomposition,passed,,2365600,76456,0,1,1,2974,1065,0.35810356,1205800,21,3,3,0,0,0,1843100,0.7791258,8,12,0,12,,,,1,1,8,1,8
rotation_box,8,128,2,False,decomposition,passed,,2309900,76456,0,1,1,2974,1065,0.35810356,1147100,21,3,3,0,0,0,1826500,0.79072687,8,12,0,12,,,,1,1,8,1,8
rotation_box,8,128,3,False,decomposition,passed,,2343200,76456,0,1,1,2974,1065,0.35810356,1198600,21,3,3,0,0,0,1854900,0.79160976,8,12,0,12,,,,1,1,8,1,8
rotation_box,8,4,0,True,decomposition,passed,,2440800,76456,0,1,1,2988,1079,0.36111111,1227600,21,3,3,0,0,0,1919500,0.78642248,8,12,0,12,,,,1,12,48,12,48
rotation_box,8,4,1,False,decomposition,passed,,2385600,76456,0,1,1,2988,1079,0.36111111,1190600,21,3,3,0,0,0,1810400,0.75888665,8,12,0,12,,,,1,12,48,12,48
rotation_box,8,4,2,False,decomposition,passed,,2392800,76456,0,1,1,2988,1079,0.36111111,1240100,21,3,3,0,0,0,1867500,0.7804664,8,12,0,12,,,,1,12,48,12,48
rotation_box,8,4,3,False,decomposition,passed,,2329300,76456,0,1,1,2988,1079,0.36111111,1176400,21,3,3,0,0,0,1811700,0.77778732,8,12,0,12,,,,1,12,48,12,48
rotation_box,9,128,0,True,decomposition,passed,,2894700,76456,0,1,1,3082,1173,0.38059701,1637900,21,3,3,0,0,0,1990200,0.68753239,8,12,0,12,,,,1,1,8,1,8
rotation_box,9,128,1,False,decomposition,passed,,2371200,76456,0,1,1,3082,1173,0.38059701,1203300,21,3,3,0,0,0,1878100,0.79204622,8,12,0,12,,,,1,1,8,1,8
rotation_box,9,128,2,False,decomposition,passed,,2702300,76456,0,1,1,3082,1173,0.38059701,1418000,21,3,3,0,0,0,2196100,0.81267809,8,12,0,12,,,,1,1,8,1,8
rotation_box,9,128,3,False,decomposition,passed,,2339900,76456,0,1,1,3082,1173,0.38059701,1182800,21,3,3,0,0,0,1851800,0.79140134,8,12,0,12,,,,1,1,8,1,8
rotation_box,9,4,0,True,decomposition,passed,,2410500,76456,0,1,1,3096,1187,0.38339793,1215600,21,3,3,0,0,0,1887600,0.78307405,8,12,0,12,,,,1,12,48,12,48
rotation_box,9,4,1,False,decomposition,passed,,2418800,76456,0,1,1,3096,1187,0.38339793,1198900,21,3,3,0,0,0,1903100,0.78679511,8,12,0,12,,,,1,12,48,12,48
rotation_box,9,4,2,False,decomposition,passed,,2379700,76456,0,1,1,3096,1187,0.38339793,1215900,21,3,3,0,0,0,1854400,0.77925789,8,12,0,12,,,,1,12,48,12,48
rotation_box,9,4,3,False,decomposition,passed,,2874800,76456,0,1,1,3096,1187,0.38339793,1680600,21,3,3,0,0,0,1867400,0.64957562,8,12,0,12,,,,1,12,48,12,48
rotation_box,10,128,0,True,decomposition,passed,,2325000,76456,0,1,1,3000,1077,0.359,1168600,21,3,3,0,0,0,1828700,0.78653763,8,12,0,12,,,,1,1,8,1,8
rotation_box,10,128,1,False,decomposition,passed,,2309800,76456,0,1,1,3000,1077,0.359,1163000,21,3,3,0,0,0,1812100,0.7845268,8,12,0,12,,,,1,1,8,1,8
rotation_box,10,128,2,False,decomposition,passed,,2295800,76456,0,1,1,3000,1077,0.359,1157200,21,3,3,0,0,0,1813100,0.78974649,8,12,0,12,,,,1,1,8,1,8
rotation_box,10,128,3,False,decomposition,passed,,2632300,76456,0,1,1,3000,1077,0.359,1441500,21,3,3,0,0,0,1843700,0.70041409,8,12,0,12,,,,1,1,8,1,8
rotation_box,10,4,0,True,decomposition,passed,,2359300,76456,0,1,1,3015,1092,0.36218905,1213800,21,3,3,0,0,0,1831800,0.77641673,8,12,0,12,,,,1,12,48,12,48
rotation_box,10,4,1,False,decomposition,passed,,2387600,76456,0,1,1,3015,1092,0.36218905,1243300,21,3,3,0,0,0,1808600,0.75749707,8,12,0,12,,,,1,12,48,12,48
rotation_box,10,4,2,False,decomposition,passed,,2329500,76456,0,1,1,3015,1092,0.36218905,1187100,21,3,3,0,0,0,1811000,0.77742005,8,12,0,12,,,,1,12,48,12,48
rotation_box,10,4,3,False,decomposition,passed,,2336700,76456,0,1,1,3015,1092,0.36218905,1187800,21,3,3,0,0,0,1811200,0.7751102,8,12,0,12,,,,1,12,48,12,48
rotation_box,11,128,0,True,decomposition,passed,,2321900,76456,0,1,1,3034,1101,0.36288728,1175300,21,3,3,0,0,0,1835900,0.79068866,8,12,0,12,,,,1,1,8,1,8
rotation_box,11,128,1,False,decomposition,passed,,2333900,76456,0,1,1,3034,1101,0.36288728,1194700,21,3,3,0,0,0,1836300,0.78679464,8,12,0,12,,,,1,1,8,1,8
rotation_box,11,128,2,False,decomposition,passed,,2419600,76456,0,1,1,3034,1101,0.36288728,1221300,21,3,3,0,0,0,1920600,0.79376756,8,12,0,12,,,,1,1,8,1,8
rotation_box,11,128,3,False,decomposition,passed,,2362100,76456,0,1,1,3034,1101,0.36288728,1174500,21,3,3,0,0,0,1867200,0.79048304,8,12,0,12,,,,1,1,8,1,8
rotation_box,11,4,0,True,decomposition,passed,,2364100,76456,0,1,1,3049,1116,0.36602165,1205700,21,3,3,0,0,0,1839500,0.77809737,8,12,0,12,,,,1,12,48,12,48
rotation_box,11,4,1,False,decomposition,passed,,2370300,76456,0,1,1,3049,1116,0.36602165,1193000,21,3,3,0,0,0,1840200,0.77635742,8,12,0,12,,,,1,12,48,12,48
rotation_box,11,4,2,False,decomposition,passed,,2370100,76456,0,1,1,3049,1116,0.36602165,1193200,21,3,3,0,0,0,1840900,0.77671828,8,12,0,12,,,,1,12,48,12,48
rotation_box,11,4,3,False,decomposition,passed,,2397300,76456,0,1,1,3049,1116,0.36602165,1251200,21,3,3,0,0,0,1858600,0.77528887,8,12,0,12,,,,1,12,48,12,48
rotation_l_prism,0,128,0,True,decomposition,passed,,5129100,141000,1,2,2,7944,2845,0.35813192,2435400,23,5,5,0,0,0,4137800,0.80673023,12,20,0,20,,,,1,2,16,2,16
rotation_l_prism,0,128,1,False,decomposition,passed,,4856000,141000,1,2,2,7944,2845,0.35813192,2329800,23,5,5,0,0,0,3908200,0.80481878,12,20,0,20,,,,1,2,16,2,16
rotation_l_prism,0,128,2,False,decomposition,passed,,5006200,141000,1,2,2,7944,2845,0.35813192,2337300,23,5,5,0,0,0,4072300,0.81345132,12,20,0,20,,,,1,2,16,2,16
rotation_l_prism,0,128,3,False,decomposition,passed,,5502700,141000,1,2,2,7944,2845,0.35813192,2585500,23,5,5,0,0,0,4464700,0.81136533,12,20,0,20,,,,1,2,16,2,16
rotation_l_prism,0,4,0,True,decomposition,passed,,4936600,141000,1,2,2,7972,2873,0.36038635,2377000,23,5,5,0,0,0,3913900,0.79283312,12,20,0,20,,,,1,24,96,24,96
rotation_l_prism,0,4,1,False,decomposition,passed,,4925800,141000,1,2,2,7972,2873,0.36038635,2403900,23,5,5,0,0,0,3916800,0.79516018,12,20,0,20,,,,1,24,96,24,96
rotation_l_prism,0,4,2,False,decomposition,passed,,5903400,141000,1,2,2,7972,2873,0.36038635,2822400,23,5,5,0,0,0,4529300,0.76723583,12,20,0,20,,,,1,24,96,24,96
rotation_l_prism,0,4,3,False,decomposition,passed,,5168700,141000,1,2,2,7972,2873,0.36038635,2417700,23,5,5,0,0,0,4164200,0.80565713,12,20,0,20,,,,1,24,96,24,96
rotation_l_prism,1,128,0,True,decomposition,passed,,5496500,148104,1,2,2,8398,3033,0.36115742,2707200,24,6,6,0,0,0,4520600,0.82245065,12,20,0,20,,,,1,2,16,2,16
rotation_l_prism,1,128,1,False,decomposition,passed,,6191300,148104,1,2,2,8398,3033,0.36115742,2582200,24,6,6,0,0,0,5221100,0.84329624,12,20,0,20,,,,1,2,16,2,16
rotation_l_prism,1,128,2,False,decomposition,passed,,5288500,148104,1,2,2,8398,3033,0.36115742,2475700,24,6,6,0,0,0,4362600,0.824922,12,20,0,20,,,,1,2,16,2,16
rotation_l_prism,1,128,3,False,decomposition,passed,,5271400,148104,1,2,2,8398,3033,0.36115742,2503400,24,6,6,0,0,0,4351400,0.82547331,12,20,0,20,,,,1,2,16,2,16
rotation_l_prism,1,4,0,True,decomposition,passed,,7134500,148104,1,2,2,8427,3062,0.36335588,2818500,24,6,6,0,0,0,6143400,0.86108347,12,20,0,20,,,,1,24,96,24,96
rotation_l_prism,1,4,1,False,decomposition,passed,,5368400,148104,1,2,2,8427,3062,0.36335588,2582300,24,6,6,0,0,0,4359200,0.81201103,12,20,0,20,,,,1,24,96,24,96
rotation_l_prism,1,4,2,False,decomposition,passed,,6301900,148104,1,2,2,8427,3062,0.36335588,3075300,24,6,6,0,0,0,4399700,0.69815452,12,20,0,20,,,,1,24,96,24,96
rotation_l_prism,1,4,3,False,decomposition,passed,,5508000,148104,1,2,2,8427,3062,0.36335588,2656600,24,6,6,0,0,0,4498600,0.81673929,12,20,0,20,,,,1,24,96,24,96
rotation_l_prism,2,128,0,True,decomposition,passed,,5040700,141496,1,2,2,7971,2852,0.35779701,2402300,23,5,5,0,0,0,3976200,0.78881901,12,20,0,20,,,,1,2,16,2,16
rotation_l_prism,2,128,1,False,decomposition,passed,,5676900,141496,1,2,2,7971,2852,0.35779701,3050000,23,5,5,0,0,0,4147800,0.73064525,12,20,0,20,,,,1,2,16,2,16
rotation_l_prism,2,128,2,False,decomposition,passed,,4892400,141496,1,2,2,7971,2852,0.35779701,2400700,23,5,5,0,0,0,3956000,0.8086011,12,20,0,20,,,,1,2,16,2,16
rotation_l_prism,2,128,3,False,decomposition,passed,,4891700,141496,1,2,2,7971,2852,0.35779701,2378000,23,5,5,0,0,0,3968000,0.81116994,12,20,0,20,,,,1,2,16,2,16
rotation_l_prism,2,4,0,True,decomposition,passed,,6101000,141496,1,2,2,8002,2883,0.36028493,3290600,23,5,5,0,0,0,4334500,0.7104573,12,20,0,20,,,,1,24,96,24,96
rotation_l_prism,2,4,1,False,decomposition,passed,,5094000,141496,1,2,2,8002,2883,0.36028493,2563200,23,5,5,0,0,0,3941800,0.77381233,12,20,0,20,,,,1,24,96,24,96
rotation_l_prism,2,4,2,False,decomposition,passed,,4959100,141496,1,2,2,8002,2883,0.36028493,2429800,23,5,5,0,0,0,3937000,0.79389405,12,20,0,20,,,,1,24,96,24,96
rotation_l_prism,2,4,3,False,decomposition,passed,,6407900,141496,1,2,2,8002,2883,0.36028493,2716500,23,5,5,0,0,0,5081100,0.79294309,12,20,0,20,,,,1,24,96,24,96
rotation_l_prism,3,128,0,True,decomposition,passed,,5534700,148088,1,2,2,8441,3024,0.35825139,2623400,24,6,6,0,0,0,4529500,0.81838221,12,20,0,20,,,,1,2,16,2,16
rotation_l_prism,3,128,1,False,decomposition,passed,,7003400,148088,1,2,2,8441,3024,0.35825139,2682400,24,6,6,0,0,0,5995900,0.8561413,12,20,0,20,,,,1,2,16,2,16
rotation_l_prism,3,128,2,False,decomposition,passed,,5437900,148088,1,2,2,8441,3024,0.35825139,2564300,24,6,6,0,0,0,4446500,0.81768697,12,20,0,20,,,,1,2,16,2,16
rotation_l_prism,3,128,3,False,decomposition,passed,,5513100,148088,1,2,2,8441,3024,0.35825139,2648600,24,6,6,0,0,0,4456300,0.80831111,12,20,0,20,,,,1,2,16,2,16
rotation_l_prism,3,4,0,True,decomposition,passed,,5689800,148088,1,2,2,8475,3058,0.36082596,2836300,24,6,6,0,0,0,4608400,0.8099406,12,20,0,20,,,,1,24,96,24,96
rotation_l_prism,3,4,1,False,decomposition,passed,,5644500,148088,1,2,2,8475,3058,0.36082596,2823700,24,6,6,0,0,0,4390700,0.77787227,12,20,0,20,,,,1,24,96,24,96
rotation_l_prism,3,4,2,False,decomposition,passed,,5727300,148088,1,2,2,8475,3058,0.36082596,2743000,24,6,6,0,0,0,4409100,0.76983919,12,20,0,20,,,,1,24,96,24,96
rotation_l_prism,3,4,3,False,decomposition,passed,,6271300,148088,1,2,2,8475,3058,0.36082596,3222900,24,6,6,0,0,0,4454900,0.71036308,12,20,0,20,,,,1,24,96,24,96
rotation_l_prism,4,128,0,True,decomposition,passed,,4887500,140824,1,2,2,8059,2874,0.35661993,2362200,24,5,5,0,0,0,3920000,0.80204604,12,20,0,20,,,,1,2,16,2,16
rotation_l_prism,4,128,1,False,decomposition,passed,,5073100,140824,1,2,2,8059,2874,0.35661993,2388100,24,5,5,0,0,0,4090400,0.80629201,12,20,0,20,,,,1,2,16,2,16
rotation_l_prism,4,128,2,False,decomposition,passed,,5797100,140824,1,2,2,8059,2874,0.35661993,2989700,24,5,5,0,0,0,4430900,0.76433044,12,20,0,20,,,,1,2,16,2,16
rotation_l_prism,4,128,3,False,decomposition,passed,,5049600,140824,1,2,2,8059,2874,0.35661993,2498900,24,5,5,0,0,0,3904100,0.77315035,12,20,0,20,,,,1,2,16,2,16
rotation_l_prism,4,4,0,True,decomposition,passed,,5952800,140824,1,2,2,8091,2906,0.3591645,2897700,24,5,5,0,0,0,4619200,0.77597097,12,20,0,20,,,,1,24,96,24,96
rotation_l_prism,4,4,1,False,decomposition,passed,,6501800,140824,1,2,2,8091,2906,0.3591645,3135400,24,5,5,0,0,0,4793700,0.73728814,12,20,0,20,,,,1,24,96,24,96
rotation_l_prism,4,4,2,False,decomposition,passed,,6111800,140824,1,2,2,8091,2906,0.3591645,2740600,24,5,5,0,0,0,5061800,0.82820118,12,20,0,20,,,,1,24,96,24,96
rotation_l_prism,4,4,3,False,decomposition,passed,,4968500,140824,1,2,2,8091,2906,0.3591645,2458300,24,5,5,0,0,0,3923300,0.7896347,12,20,0,20,,,,1,24,96,24,96
rotation_l_prism,5,128,0,True,decomposition,passed,,6047600,148656,1,2,2,8530,3120,0.36576788,2983800,24,6,6,0,0,0,5020600,0.83018057,12,20,0,20,,,,1,2,16,2,16
rotation_l_prism,5,128,1,False,decomposition,passed,,5450300,148656,1,2,2,8530,3120,0.36576788,2559900,24,6,6,0,0,0,4428100,0.81245069,12,20,0,20,,,,1,2,16,2,16
rotation_l_prism,5,128,2,False,decomposition,passed,,5377800,148656,1,2,2,8530,3120,0.36576788,2553900,24,6,6,0,0,0,4352900,0.80942021,12,20,0,20,,,,1,2,16,2,16
rotation_l_prism,5,128,3,False,decomposition,passed,,6395400,148656,1,2,2,8530,3120,0.36576788,2996400,24,6,6,0,0,0,4396100,0.68738468,12,20,0,20,,,,1,2,16,2,16
rotation_l_prism,5,4,0,True,decomposition,passed,,5422500,148656,1,2,2,8564,3154,0.36828585,2615000,24,6,6,0,0,0,4331900,0.79887506,12,20,0,20,,,,1,24,96,24,96
rotation_l_prism,5,4,1,False,decomposition,passed,,5739000,148656,1,2,2,8564,3154,0.36828585,2741400,24,6,6,0,0,0,4346300,0.75732706,12,20,0,20,,,,1,24,96,24,96
rotation_l_prism,5,4,2,False,decomposition,passed,,5439700,148656,1,2,2,8564,3154,0.36828585,2616100,24,6,6,0,0,0,4359400,0.80140449,12,20,0,20,,,,1,24,96,24,96
rotation_l_prism,5,4,3,False,decomposition,passed,,5407600,148656,1,2,2,8564,3154,0.36828585,2583100,24,6,6,0,0,0,4328200,0.80039204,12,20,0,20,,,,1,24,96,24,96
rotation_l_prism,6,128,0,True,decomposition,passed,,5946600,148800,1,2,2,8816,3338,0.37862976,2681900,21,6,6,0,0,0,4816300,0.809925,12,20,0,20,,,,1,2,16,2,16
rotation_l_prism,6,128,1,False,decomposition,passed,,5505700,148800,1,2,2,8816,3338,0.37862976,2584200,21,6,6,0,0,0,4497000,0.81678987,12,20,0,20,,,,1,2,16,2,16
rotation_l_prism,6,128,2,False,decomposition,passed,,5451500,148800,1,2,2,8816,3338,0.37862976,2610600,21,6,6,0,0,0,4441600,0.81474823,12,20,0,20,,,,1,2,16,2,16
rotation_l_prism,6,128,3,False,decomposition,passed,,5861100,148800,1,2,2,8816,3338,0.37862976,2716300,21,6,6,0,0,0,4856100,0.82853048,12,20,0,20,,,,1,2,16,2,16
rotation_l_prism,6,4,0,True,decomposition,passed,,5562800,148800,1,2,2,8853,3375,0.3812267,2702700,21,6,6,0,0,0,4463800,0.80243762,12,20,0,20,,,,1,24,96,24,96
rotation_l_prism,6,4,1,False,decomposition,passed,,5537100,148800,1,2,2,8853,3375,0.3812267,2651100,21,6,6,0,0,0,4448100,0.80332665,12,20,0,20,,,,1,24,96,24,96
rotation_l_prism,6,4,2,False,decomposition,passed,,6113500,148800,1,2,2,8853,3375,0.3812267,2935400,21,6,6,0,0,0,5016000,0.82047927,12,20,0,20,,,,1,24,96,24,96
rotation_l_prism,6,4,3,False,decomposition,passed,,6848100,148800,1,2,2,8853,3375,0.3812267,2632800,21,6,6,0,0,0,5753500,0.84016004,12,20,0,20,,,,1,24,96,24,96
rotation_l_prism,7,128,0,True,decomposition,passed,,5153100,140312,1,2,2,8305,3066,0.3691752,2565600,24,5,5,0,0,0,4015700,0.77927849,12,20,0,20,,,,1,2,16,2,16
rotation_l_prism,7,128,1,False,decomposition,passed,,5139900,140312,1,2,2,8305,3066,0.3691752,2526800,24,5,5,0,0,0,4108000,0.79923734,12,20,0,20,,,,1,2,16,2,16
rotation_l_prism,7,128,2,False,decomposition,passed,,4993600,140312,1,2,2,8305,3066,0.3691752,2451000,24,5,5,0,0,0,3963800,0.79377603,12,20,0,20,,,,1,2,16,2,16
rotation_l_prism,7,128,3,False,decomposition,passed,,4942000,140312,1,2,2,8305,3066,0.3691752,2388100,24,5,5,0,0,0,3913700,0.79192635,12,20,0,20,,,,1,2,16,2,16
rotation_l_prism,7,4,0,True,decomposition,passed,,5265900,140312,1,2,2,8339,3100,0.37174721,2674700,24,5,5,0,0,0,4166400,0.79120378,12,20,0,20,,,,1,24,96,24,96
rotation_l_prism,7,4,1,False,decomposition,passed,,5019200,140312,1,2,2,8339,3100,0.37174721,2459700,24,5,5,0,0,0,3919900,0.78098103,12,20,0,20,,,,1,24,96,24,96
rotation_l_prism,7,4,2,False,decomposition,passed,,4998800,140312,1,2,2,8339,3100,0.37174721,2439300,24,5,5,0,0,0,3918100,0.78380811,12,20,0,20,,,,1,24,96,24,96
rotation_l_prism,7,4,3,False,decomposition,passed,,5274400,140312,1,2,2,8339,3100,0.37174721,2537000,24,5,5,0,0,0,4173300,0.79123692,12,20,0,20,,,,1,24,96,24,96
rotation_l_prism,8,128,0,True,decomposition,passed,,5279900,148544,1,2,2,8458,3066,0.36249704,2478300,21,6,6,0,0,0,4295400,0.81353814,12,20,0,20,,,,1,2,16,2,16
rotation_l_prism,8,128,1,False,decomposition,passed,,5542600,148544,1,2,2,8458,3066,0.36249704,2729900,21,6,6,0,0,0,4324000,0.78013928,12,20,0,20,,,,1,2,16,2,16
rotation_l_prism,8,128,2,False,decomposition,passed,,5573400,148544,1,2,2,8458,3066,0.36249704,2592500,21,6,6,0,0,0,4589100,0.82339326,12,20,0,20,,,,1,2,16,2,16
rotation_l_prism,8,128,3,False,decomposition,passed,,5267400,148544,1,2,2,8458,3066,0.36249704,2475700,21,6,6,0,0,0,4288600,0.81417777,12,20,0,20,,,,1,2,16,2,16
rotation_l_prism,8,4,0,True,decomposition,passed,,5547800,148544,1,2,2,8490,3098,0.36489988,2577200,21,6,6,0,0,0,4492300,0.8097444,12,20,0,20,,,,1,24,96,24,96
rotation_l_prism,8,4,1,False,decomposition,passed,,5473500,148544,1,2,2,8490,3098,0.36489988,2598600,21,6,6,0,0,0,4412200,0.80610213,12,20,0,20,,,,1,24,96,24,96
rotation_l_prism,8,4,2,False,decomposition,passed,,5378900,148544,1,2,2,8490,3098,0.36489988,2557700,21,6,6,0,0,0,4318900,0.80293369,12,20,0,20,,,,1,24,96,24,96
rotation_l_prism,8,4,3,False,decomposition,passed,,5606800,148544,1,2,2,8490,3098,0.36489988,2694500,21,6,6,0,0,0,4450900,0.79383962,12,20,0,20,,,,1,24,96,24,96
rotation_l_prism,9,128,0,True,decomposition,passed,,5242700,147760,1,2,2,8601,3179,0.36960819,2515400,24,6,6,0,0,0,4117300,0.78533962,12,20,0,20,,,,1,2,16,2,16
rotation_l_prism,9,128,1,False,decomposition,passed,,5157000,147760,1,2,2,8601,3179,0.36960819,2442600,24,6,6,0,0,0,4079000,0.79096374,12,20,0,20,,,,1,2,16,2,16
rotation_l_prism,9,128,2,False,decomposition,passed,,5882500,147760,1,2,2,8601,3179,0.36960819,3035700,24,6,6,0,0,0,4507100,0.76618785,12,20,0,20,,,,1,2,16,2,16
rotation_l_prism,9,128,3,False,decomposition,passed,,5226200,147760,1,2,2,8601,3179,0.36960819,2492600,24,6,6,0,0,0,4127200,0.78971337,12,20,0,20,,,,1,2,16,2,16
rotation_l_prism,9,4,0,True,decomposition,passed,,5325000,147760,1,2,2,8633,3211,0.37194486,2557500,24,6,6,0,0,0,4166300,0.78240376,12,20,0,20,,,,1,24,96,24,96
rotation_l_prism,9,4,1,False,decomposition,passed,,7129500,147760,1,2,2,8633,3211,0.37194486,2713000,24,6,6,0,0,0,5798500,0.81331089,12,20,0,20,,,,1,24,96,24,96
rotation_l_prism,9,4,2,False,decomposition,passed,,5363700,147760,1,2,2,8633,3211,0.37194486,2593400,24,6,6,0,0,0,4133800,0.77069933,12,20,0,20,,,,1,24,96,24,96
rotation_l_prism,9,4,3,False,decomposition,passed,,5391000,147760,1,2,2,8633,3211,0.37194486,2562700,24,6,6,0,0,0,4208300,0.78061584,12,20,0,20,,,,1,24,96,24,96
rotation_l_prism,10,128,0,True,decomposition,passed,,5360800,140888,1,2,2,8093,2919,0.36068207,2343900,24,5,5,0,0,0,4297000,0.80155947,12,20,0,20,,,,1,2,16,2,16
rotation_l_prism,10,128,1,False,decomposition,passed,,4834000,140888,1,2,2,8093,2919,0.36068207,2367200,24,5,5,0,0,0,3773500,0.78061647,12,20,0,20,,,,1,2,16,2,16
rotation_l_prism,10,128,2,False,decomposition,passed,,5347800,140888,1,2,2,8093,2919,0.36068207,2793700,24,5,5,0,0,0,4292400,0.80264782,12,20,0,20,,,,1,2,16,2,16
rotation_l_prism,10,128,3,False,decomposition,passed,,5574300,140888,1,2,2,8093,2919,0.36068207,2878800,24,5,5,0,0,0,4393900,0.78824247,12,20,0,20,,,,1,2,16,2,16
rotation_l_prism,10,4,0,True,decomposition,passed,,4980300,140888,1,2,2,8126,2952,0.36327837,2491200,24,5,5,0,0,0,3761300,0.75523563,12,20,0,20,,,,1,24,96,24,96
rotation_l_prism,10,4,1,False,decomposition,passed,,4935200,140888,1,2,2,8126,2952,0.36327837,2437200,24,5,5,0,0,0,3776100,0.76513616,12,20,0,20,,,,1,24,96,24,96
rotation_l_prism,10,4,2,False,decomposition,passed,,5558700,140888,1,2,2,8126,2952,0.36327837,2751600,24,5,5,0,0,0,4238800,0.7625524,12,20,0,20,,,,1,24,96,24,96
rotation_l_prism,10,4,3,False,decomposition,passed,,5062700,140888,1,2,2,8126,2952,0.36327837,2554800,24,5,5,0,0,0,3778200,0.74628163,12,20,0,20,,,,1,24,96,24,96
rotation_l_prism,11,128,0,True,decomposition,passed,,4864500,140824,1,2,2,7920,2758,0.34823232,2427300,24,5,5,0,0,0,3729800,0.76673862,12,20,0,20,,,,1,2,16,2,16
rotation_l_prism,11,128,1,False,decomposition,passed,,5463400,140824,1,2,2,7920,2758,0.34823232,2828100,24,5,5,0,0,0,3781700,0.69218801,12,20,0,20,,,,1,2,16,2,16
rotation_l_prism,11,128,2,False,decomposition,passed,,5099800,140824,1,2,2,7920,2758,0.34823232,2386200,24,5,5,0,0,0,4046500,0.79346249,12,20,0,20,,,,1,2,16,2,16
rotation_l_prism,11,128,3,False,decomposition,passed,,4849200,140824,1,2,2,7920,2758,0.34823232,2345800,24,5,5,0,0,0,3796000,0.78280954,12,20,0,20,,,,1,2,16,2,16
rotation_l_prism,11,4,0,True,decomposition,passed,,5571500,140824,1,2,2,7954,2792,0.35101836,3018600,24,5,5,0,0,0,3742100,0.67165036,12,20,0,20,,,,1,24,96,24,96
rotation_l_prism,11,4,1,False,decomposition,passed,,5222100,140824,1,2,2,7954,2792,0.35101836,2637200,24,5,5,0,0,0,3958500,0.75802838,12,20,0,20,,,,1,24,96,24,96
rotation_l_prism,11,4,2,False,decomposition,passed,,4838000,140824,1,2,2,7954,2792,0.35101836,2417000,24,5,5,0,0,0,3712100,0.76727987,12,20,0,20,,,,1,24,96,24,96
rotation_l_prism,11,4,3,False,decomposition,passed,,5409300,140824,1,2,2,7954,2792,0.35101836,2920600,24,5,5,0,0,0,3743400,0.69203039,12,20,0,20,,,,1,24,96,24,96
rotation_hollow,0,128,0,True,decomposition,passed,,212248100,2255288,38,39,39,201164,93838,0.46647511,73843000,24,15,15,0,0,0,194414500,0.91597758,16,24,0,24,,,,1,39,222,39,222
rotation_hollow,0,128,1,False,decomposition,passed,,214978400,2255288,38,39,39,201164,93838,0.46647511,73590900,24,15,15,0,0,0,198577200,0.92370768,16,24,0,24,,,,1,39,222,39,222
rotation_hollow,0,128,2,False,decomposition,passed,,203583100,2255288,38,39,39,201164,93838,0.46647511,72822200,24,15,15,0,0,0,186493400,0.91605541,16,24,0,24,,,,1,39,222,39,222
rotation_hollow,0,128,3,False,decomposition,passed,,206866600,2255288,38,39,39,201164,93838,0.46647511,73858700,24,15,15,0,0,0,189916100,0.91806072,16,24,0,24,,,,1,39,222,39,222
rotation_hollow,0,4,0,True,decomposition,passed,,212344000,2255288,38,39,39,201492,94166,0.46734362,76959300,24,15,15,0,0,0,194055500,0.91387324,16,24,0,24,,,,1,267,1068,267,1068
rotation_hollow,0,4,1,False,decomposition,passed,,206486600,2255288,38,39,39,201492,94166,0.46734362,74859200,24,15,15,0,0,0,189262600,0.91658539,16,24,0,24,,,,1,267,1068,267,1068
rotation_hollow,0,4,2,False,decomposition,passed,,202677300,2255288,38,39,39,201492,94166,0.46734362,72330400,24,15,15,0,0,0,185541100,0.91545082,16,24,0,24,,,,1,267,1068,267,1068
rotation_hollow,0,4,3,False,decomposition,passed,,202302100,2255288,38,39,39,201492,94166,0.46734362,73668700,24,15,15,0,0,0,184276800,0.9108991,16,24,0,24,,,,1,267,1068,267,1068
rotation_hollow,1,128,0,True,decomposition,passed,,181098900,1934568,30,31,31,168380,76369,0.45355149,63290100,24,13,13,0,0,0,166898900,0.92158981,16,24,0,24,,,,1,31,176,31,176
rotation_hollow,1,128,1,False,decomposition,passed,,178323400,1934568,30,31,31,168380,76369,0.45355149,64175100,24,13,13,0,0,0,164847900,0.92443224,16,24,0,24,,,,1,31,176,31,176
rotation_hollow,1,128,2,False,decomposition,passed,,181278200,1934568,30,31,31,168380,76369,0.45355149,63802700,24,13,13,0,0,0,167741100,0.92532417,16,24,0,24,,,,1,31,176,31,176
rotation_hollow,1,128,3,False,decomposition,passed,,178259800,1934568,30,31,31,168380,76369,0.45355149,61774300,24,13,13,0,0,0,163736700,0.91852846,16,24,0,24,,,,1,31,176,31,176
rotation_hollow,1,4,0,True,decomposition,passed,,182854900,1934568,30,31,31,168663,76652,0.45446838,65996600,24,13,13,0,0,0,167628100,0.91672742,16,24,0,24,,,,1,210,840,210,840
rotation_hollow,1,4,1,False,decomposition,passed,,180272000,1934568,30,31,31,168663,76652,0.45446838,65943300,24,13,13,0,0,0,166205200,0.92196902,16,24,0,24,,,,1,210,840,210,840
rotation_hollow,1,4,2,False,decomposition,passed,,183795300,1934568,30,31,31,168663,76652,0.45446838,64123700,24,13,13,0,0,0,169426300,0.92182063,16,24,0,24,,,,1,210,840,210,840
rotation_hollow,1,4,3,False,decomposition,passed,,181379300,1934568,30,31,31,168663,76652,0.45446838,62275600,24,13,13,0,0,0,166996700,0.92070429,16,24,0,24,,,,1,210,840,210,840
rotation_hollow,2,128,0,True,decomposition,passed,,232335400,2338712,40,41,41,214677,101943,0.47486689,81878100,24,13,12,0,0,0,215594100,0.9279434,16,24,0,24,,,,1,41,226,41,226
rotation_hollow,2,128,1,False,decomposition,passed,,226593000,2338712,40,41,41,214677,101943,0.47486689,80313900,24,13,12,0,0,0,209853500,0.92612526,16,24,0,24,,,,1,41,226,41,226
rotation_hollow,2,128,2,False,decomposition,passed,,226604200,2338712,40,41,41,214677,101943,0.47486689,81126200,24,13,12,0,0,0,210053600,0.92696252,16,24,0,24,,,,1,41,226,41,226
rotation_hollow,2,128,3,False,decomposition,passed,,235921400,2338712,40,41,41,214677,101943,0.47486689,84540200,24,13,12,0,0,0,217916500,0.92368263,16,24,0,24,,,,1,41,226,41,226
rotation_hollow,2,4,0,True,decomposition,passed,,238306300,2338712,40,41,41,215049,102315,0.47577529,86560000,24,13,12,0,0,0,219989000,0.92313548,16,24,0,24,,,,1,255,1020,255,1020
rotation_hollow,2,4,1,False,decomposition,passed,,229683300,2338712,40,41,41,215049,102315,0.47577529,81584900,24,13,12,0,0,0,211811200,0.92218807,16,24,0,24,,,,1,255,1020,255,1020
rotation_hollow,2,4,2,False,decomposition,passed,,234820200,2338712,40,41,41,215049,102315,0.47577529,84540000,24,13,12,0,0,0,217103500,0.92455206,16,24,0,24,,,,1,255,1020,255,1020
rotation_hollow,2,4,3,False,decomposition,passed,,235028500,2338712,40,41,41,215049,102315,0.47577529,86122900,24,13,12,0,0,0,217080000,0.92363267,16,24,0,24,,,,1,255,1020,255,1020
rotation_hollow,3,128,0,True,decomposition,passed,,235431000,2364760,38,39,39,219077,105739,0.48265678,80893900,24,15,15,0,0,0,218794900,0.92933768,16,24,0,24,,,,1,39,218,39,218
rotation_hollow,3,128,1,False,decomposition,passed,,229936500,2364760,38,39,39,219077,105739,0.48265678,79095100,24,15,15,0,0,0,213467500,0.92837588,16,24,0,24,,,,1,39,218,39,218
rotation_hollow,3,128,2,False,decomposition,passed,,232650300,2364760,38,39,39,219077,105739,0.48265678,81311000,24,15,15,0,0,0,216097600,0.92885159,16,24,0,24,,,,1,39,218,39,218
rotation_hollow,3,128,3,False,decomposition,passed,,231463500,2364760,38,39,39,219077,105739,0.48265678,80446300,24,15,15,0,0,0,214385300,0.92621644,16,24,0,24,,,,1,39,218,39,218
rotation_hollow,3,4,0,True,decomposition,passed,,246835500,2364760,38,39,39,219446,106108,0.4835267,86521800,24,15,15,0,0,0,228269800,0.92478513,16,24,0,24,,,,1,253,1012,253,1012
rotation_hollow,3,4,1,False,decomposition,passed,,246327700,2364760,38,39,39,219446,106108,0.4835267,87460200,24,15,15,0,0,0,228565100,0.92789037,16,24,0,24,,,,1,253,1012,253,1012
rotation_hollow,3,4,2,False,decomposition,passed,,242448700,2364760,38,39,39,219446,106108,0.4835267,85179900,24,15,15,0,0,0,224475900,0.92586968,16,24,0,24,,,,1,253,1012,253,1012
rotation_hollow,3,4,3,False,decomposition,passed,,242440500,2364760,38,39,39,219446,106108,0.4835267,84089600,24,15,15,0,0,0,223469200,0.92174864,16,24,0,24,,,,1,253,1012,253,1012
rotation_hollow,4,128,0,True,decomposition,passed,,130673200,1508456,27,28,28,130108,57751,0.44386971,49433800,24,12,12,0,0,0,118558100,0.90728703,16,24,0,24,,,,1,28,160,28,160
rotation_hollow,4,128,1,False,decomposition,passed,,128779700,1508456,27,28,28,130108,57751,0.44386971,48298900,24,12,12,0,0,0,116902800,0.90777351,16,24,0,24,,,,1,28,160,28,160
rotation_hollow,4,128,2,False,decomposition,passed,,128408700,1508456,27,28,28,130108,57751,0.44386971,46665200,24,12,12,0,0,0,117512500,0.91514438,16,24,0,24,,,,1,28,160,28,160
rotation_hollow,4,128,3,False,decomposition,passed,,124904200,1508456,27,28,28,130108,57751,0.44386971,46149400,24,12,12,0,0,0,113496500,0.9086684,16,24,0,24,,,,1,28,160,28,160
rotation_hollow,4,4,0,True,decomposition,passed,,134690200,1508456,27,28,28,130382,58025,0.44503843,51865500,24,12,12,0,0,0,119756500,0.88912556,16,24,0,24,,,,1,190,760,190,760
rotation_hollow,4,4,1,False,decomposition,passed,,124236000,1508456,27,28,28,130382,58025,0.44503843,46622300,24,12,12,0,0,0,112387200,0.90462668,16,24,0,24,,,,1,190,760,190,760
rotation_hollow,4,4,2,False,decomposition,passed,,123722600,1508456,27,28,28,130382,58025,0.44503843,46305500,24,12,12,0,0,0,111319600,0.89975154,16,24,0,24,,,,1,190,760,190,760
rotation_hollow,4,4,3,False,decomposition,passed,,123655100,1508456,27,28,28,130382,58025,0.44503843,46202700,24,12,12,0,0,0,112134100,0.90682956,16,24,0,24,,,,1,190,760,190,760
rotation_hollow,5,128,0,True,decomposition,passed,,171700000,1954272,31,32,32,165067,71491,0.43310292,64536100,24,15,15,0,0,0,157273500,0.91597845,16,24,0,24,,,,1,32,182,32,182
rotation_hollow,5,128,1,False,decomposition,passed,,173457200,1954272,31,32,32,165067,71491,0.43310292,61986700,24,15,15,0,0,0,159580000,0.9199964,16,24,0,24,,,,1,32,182,32,182
rotation_hollow,5,128,2,False,decomposition,passed,,170274300,1954272,31,32,32,165067,71491,0.43310292,62644100,24,15,15,0,0,0,156984300,0.92194947,16,24,0,24,,,,1,32,182,32,182
rotation_hollow,5,128,3,False,decomposition,passed,,173101600,1954272,31,32,32,165067,71491,0.43310292,61896200,24,15,15,0,0,0,158608700,0.91627518,16,24,0,24,,,,1,32,182,32,182
rotation_hollow,5,4,0,True,decomposition,passed,,176544600,1954272,31,32,32,165401,71825,0.43424768,65653300,24,15,15,0,0,0,160755100,0.91056368,16,24,0,24,,,,1,218,872,218,872
rotation_hollow,5,4,1,False,decomposition,passed,,175384000,1954272,31,32,32,165401,71825,0.43424768,61237100,24,15,15,0,0,0,160796000,0.91682252,16,24,0,24,,,,1,218,872,218,872
rotation_hollow,5,4,2,False,decomposition,passed,,169216900,1954272,31,32,32,165401,71825,0.43424768,62231300,24,15,15,0,0,0,154988500,0.9159162,16,24,0,24,,,,1,218,872,218,872
rotation_hollow,5,4,3,False,decomposition,passed,,168429100,1954272,31,32,32,165401,71825,0.43424768,62359200,24,15,15,0,0,0,153372900,0.91060808,16,24,0,24,,,,1,218,872,218,872
rotation_hollow,6,128,0,True,decomposition,passed,,226875300,2366176,38,39,39,215402,102141,0.4741878,78137800,24,15,15,0,0,0,210129700,0.92619029,16,24,0,24,,,,1,39,217,39,217
rotation_hollow,6,128,1,False,decomposition,passed,,233047500,2366176,38,39,39,215402,102141,0.4741878,80649200,24,15,15,0,0,0,216316500,0.92820777,16,24,0,24,,,,1,39,217,39,217
rotation_hollow,6,128,2,False,decomposition,passed,,227845700,2366176,38,39,39,215402,102141,0.4741878,80191100,24,15,15,0,0,0,208894400,0.91682397,16,24,0,24,,,,1,39,217,39,217
rotation_hollow,6,128,3,False,decomposition,passed,,228524800,2366176,38,39,39,215402,102141,0.4741878,80404700,24,15,15,0,0,0,211476600,0.92539891,16,24,0,24,,,,1,39,217,39,217
rotation_hollow,6,4,0,True,decomposition,passed,,232083500,2366176,38,39,39,215771,102510,0.47508701,80986800,24,15,15,0,0,0,214451100,0.92402562,16,24,0,24,,,,1,251,1004,251,1004
rotation_hollow,6,4,1,False,decomposition,passed,,225836000,2366176,38,39,39,215771,102510,0.47508701,78742700,24,15,15,0,0,0,208800900,0.92456871,16,24,0,24,,,,1,251,1004,251,1004
rotation_hollow,6,4,2,False,decomposition,passed,,227599800,2366176,38,39,39,215771,102510,0.47508701,80796500,24,15,15,0,0,0,208320300,0.9152921,16,24,0,24,,,,1,251,1004,251,1004
rotation_hollow,6,4,3,False,decomposition,passed,,231453700,2366176,38,39,39,215771,102510,0.47508701,84509800,24,15,15,0,0,0,213937000,0.92431877,16,24,0,24,,,,1,251,1004,251,1004
rotation_hollow,7,128,0,True,decomposition,passed,,207031400,2161096,33,34,34,198000,93261,0.47101515,73011800,24,15,15,0,0,0,191495500,0.92495873,16,24,0,24,,,,1,34,194,34,194
rotation_hollow,7,128,1,False,decomposition,passed,,207213700,2161096,33,34,34,198000,93261,0.47101515,73578900,24,15,15,0,0,0,191688900,0.92507831,16,24,0,24,,,,1,34,194,34,194
rotation_hollow,7,128,2,False,decomposition,passed,,203927300,2161096,33,34,34,198000,93261,0.47101515,71017700,24,15,15,0,0,0,188392800,0.92382334,16,24,0,24,,,,1,34,194,34,194
rotation_hollow,7,128,3,False,decomposition,passed,,199462900,2161096,33,34,34,198000,93261,0.47101515,70900200,24,15,15,0,0,0,184165800,0.92330855,16,24,0,24,,,,1,34,194,34,194
rotation_hollow,7,4,0,True,decomposition,passed,,203930100,2161096,33,34,34,198370,93631,0.47200181,70407600,24,15,15,0,0,0,187962600,0.92170111,16,24,0,24,,,,1,234,936,234,936
rotation_hollow,7,4,1,False,decomposition,passed,,207404500,2161096,33,34,34,198370,93631,0.47200181,72857800,24,15,15,0,0,0,191375500,0.92271624,16,24,0,24,,,,1,234,936,234,936
rotation_hollow,7,4,2,False,decomposition,passed,,205621100,2161096,33,34,34,198370,93631,0.47200181,72683600,24,15,15,0,0,0,189816400,0.92313678,16,24,0,24,,,,1,234,936,234,936
rotation_hollow,7,4,3,False,decomposition,passed,,201166700,2161096,33,34,34,198370,93631,0.47200181,69830100,24,15,15,0,0,0,185342400,0.92133738,16,24,0,24,,,,1,234,936,234,936
rotation_hollow,8,128,0,True,decomposition,passed,,254198600,2342544,39,40,40,229252,113499,0.49508401,84825400,24,15,15,0,0,0,237102000,0.93274314,16,24,0,24,,,,1,40,222,40,222
rotation_hollow,8,128,1,False,decomposition,passed,,252504600,2342544,39,40,40,229252,113499,0.49508401,86492600,24,15,15,0,0,0,234952200,0.93048681,16,24,0,24,,,,1,40,222,40,222
rotation_hollow,8,128,2,False,decomposition,passed,,249982000,2342544,39,40,40,229252,113499,0.49508401,84437600,24,15,15,0,0,0,233236100,0.93301158,16,24,0,24,,,,1,40,222,40,222
rotation_hollow,8,128,3,False,decomposition,passed,,253673100,2342544,39,40,40,229252,113499,0.49508401,87941300,24,15,15,0,0,0,235870300,0.92981991,16,24,0,24,,,,1,40,222,40,222
rotation_hollow,8,4,0,True,decomposition,passed,,252750000,2342544,39,40,40,229624,113871,0.495902,85995900,24,15,15,0,0,0,235086600,0.93011513,16,24,0,24,,,,1,254,1016,254,1016
rotation_hollow,8,4,1,False,decomposition,passed,,254466400,2342544,39,40,40,229624,113871,0.495902,87075800,24,15,15,0,0,0,233625600,0.91809999,16,24,0,24,,,,1,254,1016,254,1016
rotation_hollow,8,4,2,False,decomposition,passed,,255031700,2342544,39,40,40,229624,113871,0.495902,87521400,24,15,15,0,0,0,237774500,0.93233312,16,24,0,24,,,,1,254,1016,254,1016
rotation_hollow,8,4,3,False,decomposition,passed,,250464000,2342544,39,40,40,229624,113871,0.495902,85025700,24,15,15,0,0,0,233313800,0.93152629,16,24,0,24,,,,1,254,1016,254,1016
rotation_hollow,9,128,0,True,decomposition,passed,,248175400,2503960,40,41,41,240817,119862,0.49773064,85030200,24,14,14,0,0,0,231368500,0.93227814,16,24,0,24,,,,1,41,228,41,228
rotation_hollow,9,128,1,False,decomposition,passed,,245311800,2503960,40,41,41,240817,119862,0.49773064,83654000,24,14,14,0,0,0,228378700,0.93097315,16,24,0,24,,,,1,41,228,41,228
rotation_hollow,9,128,2,False,decomposition,passed,,246687700,2503960,40,41,41,240817,119862,0.49773064,84082700,24,14,14,0,0,0,229831800,0.9316711,16,24,0,24,,,,1,41,228,41,228
rotation_hollow,9,128,3,False,decomposition,passed,,244914900,2503960,40,41,41,240817,119862,0.49773064,85294200,24,14,14,0,0,0,228149000,0.93154398,16,24,0,24,,,,1,41,228,41,228
rotation_hollow,9,4,0,True,decomposition,passed,,247998700,2503960,40,41,41,241207,120252,0.49854275,85091000,24,14,14,0,0,0,228662900,0.92203266,16,24,0,24,,,,1,265,1060,265,1060
rotation_hollow,9,4,1,False,decomposition,passed,,252638700,2503960,40,41,41,241207,120252,0.49854275,87399700,24,14,14,0,0,0,234435300,0.92794691,16,24,0,24,,,,1,265,1060,265,1060
rotation_hollow,9,4,2,False,decomposition,passed,,256846000,2503960,40,41,41,241207,120252,0.49854275,88996900,24,14,14,0,0,0,238168200,0.92728016,16,24,0,24,,,,1,265,1060,265,1060
rotation_hollow,9,4,3,False,decomposition,passed,,253783400,2503960,40,41,41,241207,120252,0.49854275,87142400,24,14,14,0,0,0,235253000,0.9269834,16,24,0,24,,,,1,265,1060,265,1060
rotation_hollow,10,128,0,True,decomposition,passed,,288074100,2808072,48,49,49,267906,133244,0.49735355,99559700,24,12,12,0,0,0,268283900,0.9313017,16,24,0,24,,,,1,49,269,49,269
rotation_hollow,10,128,1,False,decomposition,passed,,282713800,2808072,48,49,49,267906,133244,0.49735355,99003900,24,12,12,0,0,0,262733300,0.92932605,16,24,0,24,,,,1,49,269,49,269
rotation_hollow,10,128,2,False,decomposition,passed,,288047600,2808072,48,49,49,267906,133244,0.49735355,101608000,24,12,12,0,0,0,268643700,0.93263648,16,24,0,24,,,,1,49,269,49,269
rotation_hollow,10,128,3,False,decomposition,passed,,283261600,2808072,48,49,49,267906,133244,0.49735355,97921400,24,12,12,0,0,0,263828200,0.93139416,16,24,0,24,,,,1,49,269,49,269
rotation_hollow,10,4,0,True,decomposition,passed,,286513900,2808072,48,49,49,268333,133671,0.49815341,100317500,24,12,12,0,0,0,265406000,0.92632853,16,24,0,24,,,,1,303,1212,303,1212
rotation_hollow,10,4,1,False,decomposition,passed,,281824200,2808072,48,49,49,268333,133671,0.49815341,99096400,24,12,12,0,0,0,261378700,0.927453,16,24,0,24,,,,1,303,1212,303,1212
rotation_hollow,10,4,2,False,decomposition,passed,,291410300,2808072,48,49,49,268333,133671,0.49815341,101830500,24,12,12,0,0,0,268883700,0.922698,16,24,0,24,,,,1,303,1212,303,1212
rotation_hollow,10,4,3,False,decomposition,passed,,283878300,2808072,48,49,49,268333,133671,0.49815341,99878700,24,12,12,0,0,0,262825500,0.92583864,16,24,0,24,,,,1,303,1212,303,1212
rotation_hollow,11,128,0,True,decomposition,passed,,166282300,1854640,30,31,31,158061,68505,0.43340862,60929500,24,14,12,0,0,0,151737500,0.91252948,16,24,0,24,,,,1,31,176,31,176
rotation_hollow,11,128,1,False,decomposition,passed,,166998600,1854640,30,31,31,158061,68505,0.43340862,61291700,24,14,12,0,0,0,153244200,0.91763763,16,24,0,24,,,,1,31,176,31,176
rotation_hollow,11,128,2,False,decomposition,passed,,164908600,1854640,30,31,31,158061,68505,0.43340862,59531400,24,14,12,0,0,0,151319700,0.91759738,16,24,0,24,,,,1,31,176,31,176
rotation_hollow,11,128,3,False,decomposition,passed,,163122400,1854640,30,31,31,158061,68505,0.43340862,59602600,24,14,12,0,0,0,150187600,0.92070494,16,24,0,24,,,,1,31,176,31,176
rotation_hollow,11,4,0,True,decomposition,passed,,167905900,1854640,30,31,31,158356,68800,0.43446412,62818900,24,14,12,0,0,0,151656500,0.90322317,16,24,0,24,,,,1,210,840,210,840
rotation_hollow,11,4,1,False,decomposition,passed,,167817300,1854640,30,31,31,158356,68800,0.43446412,62457000,24,14,12,0,0,0,153175800,0.91275333,16,24,0,24,,,,1,210,840,210,840
rotation_hollow,11,4,2,False,decomposition,passed,,168931700,1854640,30,31,31,158356,68800,0.43446412,60742900,24,14,12,0,0,0,153867200,0.91082491,16,24,0,24,,,,1,210,840,210,840
rotation_hollow,11,4,3,False,decomposition,passed,,160544500,1854640,30,31,31,158356,68800,0.43446412,58355400,24,14,12,0,0,0,146645500,0.91342587,16,24,0,24,,,,1,210,840,210,840
rotation_nested,0,128,0,True,decomposition,passed,,300739800,3109824,55,57,57,302747,153309,0.50639313,105698100,24,15,15,0,0,0,272409500,0.90579797,24,36,0,36,,,,1,57,346,57,346
rotation_nested,0,128,1,False,decomposition,passed,,299880000,3109824,55,57,57,302747,153309,0.50639313,103409100,24,15,15,0,0,0,272681400,0.90930172,24,36,0,36,,,,1,57,346,57,346
rotation_nested,0,128,2,False,decomposition,passed,,306062900,3109824,55,57,57,302747,153309,0.50639313,105416900,24,15,15,0,0,0,279084900,0.91185472,24,36,0,36,,,,1,57,346,57,346
rotation_nested,0,128,3,False,decomposition,passed,,298616000,3109824,55,57,57,302747,153309,0.50639313,103997000,24,15,15,0,0,0,271505700,0.9092135,24,36,0,36,,,,1,57,346,57,346
rotation_nested,0,4,0,True,decomposition,passed,,314076700,3109824,55,57,57,303316,153878,0.5073191,111292300,24,15,15,0,0,0,283898400,0.90391423,24,36,0,36,,,,1,443,1772,443,1772
rotation_nested,0,4,1,False,decomposition,passed,,310223400,3109824,55,57,57,303316,153878,0.5073191,107250700,24,15,15,0,0,0,281733700,0.90816392,24,36,0,36,,,,1,443,1772,443,1772
rotation_nested,0,4,2,False,decomposition,passed,,307938900,3109824,55,57,57,303316,153878,0.5073191,108435900,24,15,15,0,0,0,278926300,0.90578456,24,36,0,36,,,,1,443,1772,443,1772
rotation_nested,0,4,3,False,decomposition,passed,,303783300,3109824,55,57,57,303316,153878,0.5073191,105490200,24,15,15,0,0,0,275872200,0.90812168,24,36,0,36,,,,1,443,1772,443,1772
rotation_nested,1,128,0,True,decomposition,passed,,258393600,2623472,43,45,45,250161,124517,0.49774745,90473100,24,13,13,0,0,0,233967300,0.90546863,24,36,0,36,,,,1,45,276,45,276
rotation_nested,1,128,1,False,decomposition,passed,,258386700,2623472,43,45,45,250161,124517,0.49774745,88462500,24,13,13,0,0,0,236896500,0.91682931,24,36,0,36,,,,1,45,276,45,276
rotation_nested,1,128,2,False,decomposition,passed,,260583000,2623472,43,45,45,250161,124517,0.49774745,89970500,24,13,13,0,0,0,238169000,0.91398518,24,36,0,36,,,,1,45,276,45,276
rotation_nested,1,128,3,False,decomposition,passed,,257906900,2623472,43,45,45,250161,124517,0.49774745,87560300,24,13,13,0,0,0,235674600,0.91379719,24,36,0,36,,,,1,45,276,45,276
rotation_nested,1,4,0,True,decomposition,passed,,261054300,2623472,43,45,45,250730,125086,0.49888725,90689500,24,13,13,0,0,0,237870100,0.91119012,24,36,0,36,,,,1,354,1416,354,1416
rotation_nested,1,4,1,False,decomposition,passed,,263256700,2623472,43,45,45,250730,125086,0.49888725,92752900,24,13,13,0,0,0,239915200,0.91133559,24,36,0,36,,,,1,354,1416,354,1416
rotation_nested,1,4,2,False,decomposition,passed,,254485500,2623472,43,45,45,250730,125086,0.49888725,87559400,24,13,13,0,0,0,231437800,0.90943413,24,36,0,36,,,,1,354,1416,354,1416
rotation_nested,1,4,3,False,decomposition,passed,,256269300,2623472,43,45,45,250730,125086,0.49888725,87880400,24,13,13,0,0,0,232401000,0.90686243,24,36,0,36,,,,1,354,1416,354,1416
rotation_nested,2,128,0,True,decomposition,passed,,359765600,3392776,59,61,61,338063,174222,0.51535365,126116300,24,12,12,0,0,0,323879500,0.90025144,24,36,0,36,,,,1,61,370,61,370
rotation_nested,2,128,1,False,decomposition,passed,,350485800,3392776,59,61,61,338063,174222,0.51535365,120950900,24,12,12,0,0,0,321052200,0.91602056,24,36,0,36,,,,1,61,370,61,370
rotation_nested,2,128,2,False,decomposition,passed,,355491100,3392776,59,61,61,338063,174222,0.51535365,125345900,24,12,12,0,0,0,325632000,0.91600605,24,36,0,36,,,,1,61,370,61,370
rotation_nested,2,128,3,False,decomposition,passed,,353649600,3392776,59,61,61,338063,174222,0.51535365,122110400,24,12,12,0,0,0,324868200,0.91861605,24,36,0,36,,,,1,61,370,61,370
rotation_nested,2,4,0,True,decomposition,passed,,361812900,3392776,59,61,61,338867,175026,0.51650352,125946200,24,12,12,0,0,0,331191100,0.91536565,24,36,0,36,,,,1,469,1876,469,1876
rotation_nested,2,4,1,False,decomposition,passed,,358176500,3392776,59,61,61,338867,175026,0.51650352,124518000,24,12,12,0,0,0,325386900,0.90845407,24,36,0,36,,,,1,469,1876,469,1876
rotation_nested,2,4,2,False,decomposition,passed,,362291500,3392776,59,61,61,338867,175026,0.51650352,125613900,24,12,12,0,0,0,331300100,0.91445728,24,36,0,36,,,,1,469,1876,469,1876
rotation_nested,2,4,3,False,decomposition,passed,,355798100,3392776,59,61,61,338867,175026,0.51650352,124716200,24,12,12,0,0,0,323629900,0.90958861,24,36,0,36,,,,1,469,1876,469,1876
rotation_nested,3,128,0,True,decomposition,passed,,379286100,3597248,61,63,63,359513,185826,0.51688256,130288100,24,15,15,0,0,0,348920300,0.91993959,24,36,0,36,,,,1,63,384,63,384
rotation_nested,3,128,1,False,decomposition,passed,,385777500,3597248,61,63,63,359513,185826,0.51688256,129613000,24,15,15,0,0,0,353852000,0.91724375,24,36,0,36,,,,1,63,384,63,384
rotation_nested,3,128,2,False,decomposition,passed,,374707400,3597248,61,63,63,359513,185826,0.51688256,128198900,24,15,15,0,0,0,343754300,0.91739395,24,36,0,36,,,,1,63,384,63,384
rotation_nested,3,128,3,False,decomposition,passed,,373900400,3597248,61,63,63,359513,185826,0.51688256,128774900,24,15,15,0,0,0,341329500,0.91288883,24,36,0,36,,,,1,63,384,63,384
rotation_nested,3,4,0,True,decomposition,passed,,380060500,3597248,61,63,63,360310,186623,0.51795121,130040000,24,15,15,0,0,0,346316700,0.91121466,24,36,0,36,,,,1,492,1968,492,1968
rotation_nested,3,4,1,False,decomposition,passed,,376525000,3597248,61,63,63,360310,186623,0.51795121,127642600,24,15,15,0,0,0,340389100,0.90402789,24,36,0,36,,,,1,492,1968,492,1968
rotation_nested,3,4,2,False,decomposition,passed,,384315500,3597248,61,63,63,360310,186623,0.51795121,130174500,24,15,15,0,0,0,349576800,0.9096089,24,36,0,36,,,,1,492,1968,492,1968
rotation_nested,3,4,3,False,decomposition,passed,,376876000,3597248,61,63,63,360310,186623,0.51795121,128307600,24,15,15,0,0,0,343798100,0.91223134,24,36,0,36,,,,1,492,1968,492,1968
rotation_nested,4,128,0,True,decomposition,passed,,218424400,2307976,41,43,43,227220,115390,0.50783382,77527300,24,12,12,0,0,0,197740600,0.90530454,24,36,0,36,,,,1,43,268,43,268
rotation_nested,4,128,1,False,decomposition,passed,,213639100,2307976,41,43,43,227220,115390,0.50783382,75162700,24,12,12,0,0,0,193140900,0.90405221,24,36,0,36,,,,1,43,268,43,268
rotation_nested,4,128,2,False,decomposition,passed,,223532100,2307976,41,43,43,227220,115390,0.50783382,79182900,24,12,12,0,0,0,201498600,0.90143026,24,36,0,36,,,,1,43,268,43,268
rotation_nested,4,128,3,False,decomposition,passed,,221379100,2307976,41,43,43,227220,115390,0.50783382,79688800,24,12,12,0,0,0,200089500,0.90383193,24,36,0,36,,,,1,43,268,43,268
rotation_nested,4,4,0,True,decomposition,passed,,216493400,2307976,41,43,43,227782,115952,0.50904812,76543600,24,12,12,0,0,0,194373100,0.8978246,24,36,0,36,,,,1,346,1384,346,1384
rotation_nested,4,4,1,False,decomposition,passed,,217148100,2307976,41,43,43,227782,115952,0.50904812,77082700,24,12,12,0,0,0,195040200,0.89818976,24,36,0,36,,,,1,346,1384,346,1384
rotation_nested,4,4,2,False,decomposition,passed,,227206600,2307976,41,43,43,227782,115952,0.50904812,80882700,24,12,12,0,0,0,204686700,0.9008836,24,36,0,36,,,,1,346,1384,346,1384
rotation_nested,4,4,3,False,decomposition,passed,,220700700,2307976,41,43,43,227782,115952,0.50904812,79492000,24,12,12,0,0,0,197098400,0.89305743,24,36,0,36,,,,1,346,1384,346,1384
rotation_nested,5,128,0,True,decomposition,passed,,238034900,2579784,42,44,44,233477,109214,0.46777199,86415200,24,15,15,0,0,0,216500100,0.90953091,24,36,0,36,,,,1,44,266,44,266
rotation_nested,5,128,1,False,decomposition,passed,,229309900,2579784,42,44,44,233477,109214,0.46777199,81671200,24,15,15,0,0,0,207660200,0.90558759,24,36,0,36,,,,1,44,266,44,266
rotation_nested,5,128,2,False,decomposition,passed,,229939900,2579784,42,44,44,233477,109214,0.46777199,82738300,24,15,15,0,0,0,209072500,0.90924846,24,36,0,36,,,,1,44,266,44,266
rotation_nested,5,128,3,False,decomposition,passed,,234622100,2579784,42,44,44,233477,109214,0.46777199,85325000,24,15,15,0,0,0,214474600,0.91412787,24,36,0,36,,,,1,44,266,44,266
rotation_nested,5,4,0,True,decomposition,passed,,242394200,2579784,42,44,44,234085,109822,0.46915437,87470600,24,15,15,0,0,0,218494200,0.90140028,24,36,0,36,,,,1,338,1352,338,1352
rotation_nested,5,4,1,False,decomposition,passed,,238257400,2579784,42,44,44,234085,109822,0.46915437,83380800,24,15,15,0,0,0,215851400,0.90595885,24,36,0,36,,,,1,338,1352,338,1352
rotation_nested,5,4,2,False,decomposition,passed,,235581500,2579784,42,44,44,234085,109822,0.46915437,85112900,24,15,15,0,0,0,213188200,0.90494457,24,36,0,36,,,,1,338,1352,338,1352
rotation_nested,5,4,3,False,decomposition,passed,,244571500,2579784,42,44,44,234085,109822,0.46915437,89946000,24,15,15,0,0,0,220397500,0.90115774,24,36,0,36,,,,1,338,1352,338,1352
rotation_nested,6,128,0,True,decomposition,passed,,383724100,3685240,62,64,64,365876,187299,0.51191934,128191200,24,15,15,0,0,0,352224200,0.91791003,24,36,0,36,,,,1,64,387,64,387
rotation_nested,6,128,1,False,decomposition,passed,,373442200,3685240,62,64,64,365876,187299,0.51191934,124031500,24,15,15,0,0,0,343770000,0.92054406,24,36,0,36,,,,1,64,387,64,387
rotation_nested,6,128,2,False,decomposition,passed,,372337800,3685240,62,64,64,365876,187299,0.51191934,125648600,24,15,15,0,0,0,341912100,0.91828469,24,36,0,36,,,,1,64,387,64,387
rotation_nested,6,128,3,False,decomposition,passed,,374859900,3685240,62,64,64,365876,187299,0.51191934,127124900,24,15,15,0,0,0,341674800,0.91147333,24,36,0,36,,,,1,64,387,64,387
rotation_nested,6,4,0,True,decomposition,passed,,380375100,3685240,62,64,64,366700,188123,0.51301609,129977500,24,15,15,0,0,0,348563600,0.91636808,24,36,0,36,,,,1,491,1964,491,1964
rotation_nested,6,4,1,False,decomposition,passed,,372337300,3685240,62,64,64,366700,188123,0.51301609,125623300,24,15,15,0,0,0,339351300,0.91140828,24,36,0,36,,,,1,491,1964,491,1964
rotation_nested,6,4,2,False,decomposition,passed,,374782800,3685240,62,64,64,366700,188123,0.51301609,126477400,24,15,15,0,0,0,341818300,0.91204372,24,36,0,36,,,,1,491,1964,491,1964
rotation_nested,6,4,3,False,decomposition,passed,,372013400,3685240,62,64,64,366700,188123,0.51301609,125789900,24,15,15,0,0,0,339785300,0.91336844,24,36,0,36,,,,1,491,1964,491,1964
rotation_nested,7,128,0,True,decomposition,passed,,291488600,2877096,46,48,48,285055,144565,0.50714774,99195000,24,15,15,0,0,0,268108300,0.91979,24,36,0,36,,,,1,48,290,48,290
rotation_nested,7,128,1,False,decomposition,passed,,292936500,2877096,46,48,48,285055,144565,0.50714774,98935600,24,15,15,0,0,0,269944700,0.92151268,24,36,0,36,,,,1,48,290,48,290
rotation_nested,7,128,2,False,decomposition,passed,,291196900,2877096,46,48,48,285055,144565,0.50714774,99723600,24,15,15,0,0,0,265921100,0.91320031,24,36,0,36,,,,1,48,290,48,290
rotation_nested,7,128,3,False,decomposition,passed,,300097700,2877096,46,48,48,285055,144565,0.50714774,105376600,24,15,15,0,0,0,275412900,0.91774412,24,36,0,36,,,,1,48,290,48,290
rotation_nested,7,4,0,True,decomposition,passed,,294483500,2877096,46,48,48,285709,145219,0.5082759,102559400,24,15,15,0,0,0,269439000,0.91495449,24,36,0,36,,,,1,370,1480,370,1480
rotation_nested,7,4,1,False,decomposition,passed,,299574000,2877096,46,48,48,285709,145219,0.5082759,104699400,24,15,15,0,0,0,271380500,0.90588803,24,36,0,36,,,,1,370,1480,370,1480
rotation_nested,7,4,2,False,decomposition,passed,,289160200,2877096,46,48,48,285709,145219,0.5082759,98762800,24,15,15,0,0,0,264301500,0.91403139,24,36,0,36,,,,1,370,1480,370,1480
rotation_nested,7,4,3,False,decomposition,passed,,283318900,2877096,46,48,48,285709,145219,0.5082759,97505300,24,15,15,0,0,0,259152400,0.91470213,24,36,0,36,,,,1,370,1480,370,1480
rotation_nested,8,128,0,True,decomposition,passed,,403584900,3629152,62,64,64,388179,209002,0.53841656,131320000,24,15,15,0,0,0,372941400,0.92407174,24,36,0,36,,,,1,64,390,64,390
rotation_nested,8,128,1,False,decomposition,passed,,406129200,3629152,62,64,64,388179,209002,0.53841656,134857200,24,15,15,0,0,0,374990900,0.92332908,24,36,0,36,,,,1,64,390,64,390
rotation_nested,8,128,2,False,decomposition,passed,,419491400,3629152,62,64,64,388179,209002,0.53841656,135575000,24,15,15,0,0,0,387726700,0.92427807,24,36,0,36,,,,1,64,390,64,390
rotation_nested,8,128,3,False,decomposition,passed,,420007900,3629152,62,64,64,388179,209002,0.53841656,135964400,24,15,15,0,0,0,387849500,0.92343382,24,36,0,36,,,,1,64,390,64,390
rotation_nested,8,4,0,True,decomposition,passed,,410304200,3629152,62,64,64,389007,209830,0.53939903,136564800,24,15,15,0,0,0,377173500,0.91925332,24,36,0,36,,,,1,500,2000,500,2000
rotation_nested,8,4,1,False,decomposition,passed,,412376500,3629152,62,64,64,389007,209830,0.53939903,136938800,24,15,15,0,0,0,376738600,0.91357922,24,36,0,36,,,,1,500,2000,500,2000
rotation_nested,8,4,2,False,decomposition,passed,,417357600,3629152,62,64,64,389007,209830,0.53939903,140851900,24,15,15,0,0,0,382893300,0.91742261,24,36,0,36,,,,1,500,2000,500,2000
rotation_nested,8,4,3,False,decomposition,passed,,417175700,3629152,62,64,64,389007,209830,0.53939903,136995900,24,15,15,0,0,0,383218600,0.9186024,24,36,0,36,,,,1,500,2000,500,2000
rotation_nested,9,128,0,True,decomposition,passed,,448753600,4004928,69,71,71,428459,231741,0.54087089,151424100,24,14,14,0,0,0,412871600,0.92004075,24,36,0,36,,,,1,71,436,71,436
rotation_nested,9,128,1,False,decomposition,passed,,433344500,4004928,69,71,71,428459,231741,0.54087089,145015600,24,14,14,0,0,0,398533300,0.91966853,24,36,0,36,,,,1,71,436,71,436
rotation_nested,9,128,2,False,decomposition,passed,,453265000,4004928,69,71,71,428459,231741,0.54087089,147037300,24,14,14,0,0,0,417832600,0.92182851,24,36,0,36,,,,1,71,436,71,436
rotation_nested,9,128,3,False,decomposition,passed,,450059500,4004928,69,71,71,428459,231741,0.54087089,153054100,24,14,14,0,0,0,409259400,0.9093451,24,36,0,36,,,,1,71,436,71,436
rotation_nested,9,4,0,True,decomposition,passed,,438153000,4004928,69,71,71,429386,232668,0.5418621,146064500,24,14,14,0,0,0,400925800,0.91503607,24,36,0,36,,,,1,561,2244,561,2244
rotation_nested,9,4,1,False,decomposition,passed,,434547600,4004928,69,71,71,429386,232668,0.5418621,145936900,24,14,14,0,0,0,397171800,0.91398917,24,36,0,36,,,,1,561,2244,561,2244
rotation_nested,9,4,2,False,decomposition,passed,,455590600,4004928,69,71,71,429386,232668,0.5418621,155025300,24,14,14,0,0,0,415925000,0.91293587,24,36,0,36,,,,1,561,2244,561,2244
rotation_nested,9,4,3,False,decomposition,passed,,442930500,4004928,69,71,71,429386,232668,0.5418621,148003100,24,14,14,0,0,0,404889700,0.91411565,24,36,0,36,,,,1,561,2244,561,2244
rotation_nested,10,128,0,True,decomposition,passed,,507644500,4518848,81,83,83,478962,260033,0.54290946,172395200,24,12,12,0,0,0,466142200,0.91824535,24,36,0,36,,,,1,83,507,83,507
rotation_nested,10,128,1,False,decomposition,passed,,489258900,4518848,81,83,83,478962,260033,0.54290946,162263300,24,12,12,0,0,0,449462600,0.91866004,24,36,0,36,,,,1,83,507,83,507
rotation_nested,10,128,2,False,decomposition,passed,,501237400,4518848,81,83,83,478962,260033,0.54290946,169046900,24,12,12,0,0,0,459581800,0.91689447,24,36,0,36,,,,1,83,507,83,507
rotation_nested,10,128,3,False,decomposition,passed,,520833800,4518848,81,83,83,478962,260033,0.54290946,175194600,24,12,12,0,0,0,479503800,0.92064647,24,36,0,36,,,,1,83,507,83,507
rotation_nested,10,4,0,True,decomposition,passed,,495509500,4518848,81,83,83,480027,261098,0.54392357,165662500,24,12,12,0,0,0,452750300,0.9137066,24,36,0,36,,,,1,649,2596,649,2596
rotation_nested,10,4,1,False,decomposition,passed,,505627200,4518848,81,83,83,480027,261098,0.54392357,167154600,24,12,12,0,0,0,462661100,0.91502415,24,36,0,36,,,,1,649,2596,649,2596
rotation_nested,10,4,2,False,decomposition,passed,,494421300,4518848,81,83,83,480027,261098,0.54392357,169524900,24,12,12,0,0,0,452330400,0.91486835,24,36,0,36,,,,1,649,2596,649,2596
rotation_nested,10,4,3,False,decomposition,passed,,498882000,4518848,81,83,83,480027,261098,0.54392357,169378100,24,12,12,0,0,0,457230600,0.91651052,24,36,0,36,,,,1,649,2596,649,2596
rotation_nested,11,128,0,True,decomposition,passed,,238116100,2576088,43,45,45,236120,112177,0.4750847,85461000,24,14,12,0,0,0,215839800,0.90644774,24,36,0,36,,,,1,45,276,45,276
rotation_nested,11,128,1,False,decomposition,passed,,244370900,2576088,43,45,45,236120,112177,0.4750847,88558300,24,14,12,0,0,0,221099400,0.90476976,24,36,0,36,,,,1,45,276,45,276
rotation_nested,11,128,2,False,decomposition,passed,,241629100,2576088,43,45,45,236120,112177,0.4750847,85115700,24,14,12,0,0,0,219452600,0.90822091,24,36,0,36,,,,1,45,276,45,276
rotation_nested,11,128,3,False,decomposition,passed,,240208000,2576088,43,45,45,236120,112177,0.4750847,85436700,24,14,12,0,0,0,217520900,0.90555227,24,36,0,36,,,,1,45,276,45,276
rotation_nested,11,4,0,True,decomposition,passed,,241304700,2576088,43,45,45,236695,112752,0.47635987,88249600,24,14,12,0,0,0,217322900,0.90061611,24,36,0,36,,,,1,354,1416,354,1416
rotation_nested,11,4,1,False,decomposition,passed,,235114100,2576088,43,45,45,236695,112752,0.47635987,86103100,24,14,12,0,0,0,210322100,0.89455333,24,36,0,36,,,,1,354,1416,354,1416
rotation_nested,11,4,2,False,decomposition,passed,,238106800,2576088,43,45,45,236695,112752,0.47635987,84110700,24,14,12,0,0,0,215573900,0.90536642,24,36,0,36,,,,1,354,1416,354,1416
rotation_nested,11,4,3,False,decomposition,passed,,236497000,2576088,43,45,45,236695,112752,0.47635987,84680500,24,14,12,0,0,0,213420000,0.9024216,24,36,0,36,,,,1,354,1416,354,1416
