fixture,sample,hull_vertex_limit,piece,before_geometry,after_geometry,before_hulls,after_hulls,before_points,after_points,removed_hulls,removed_points
wall,0,64,0,before_generated_point_omission,generated_point_omission,1,1,8,8,0,0
wall,0,64,1,before_generated_point_omission,generated_point_omission,1,1,8,8,0,0
wall,0,64,2,before_generated_point_omission,generated_point_omission,1,1,8,8,0,0
wall,0,64,3,before_generated_point_omission,generated_point_omission,1,1,8,8,0,0
wall,0,64,4,before_generated_point_omission,generated_point_omission,1,1,8,8,0,0
wall,0,64,5,before_generated_point_omission,generated_point_omission,1,1,8,8,0,0
wall,0,64,6,before_generated_point_omission,generated_point_omission,1,1,8,8,0,0
wall,0,64,7,before_generated_point_omission,generated_point_omission,1,1,8,8,0,0
wall,0,64,8,before_generated_point_omission,generated_point_omission,1,1,8,8,0,0
wall,0,64,9,before_generated_point_omission,generated_point_omission,1,1,8,8,0,0
wall,0,64,10,before_generated_point_omission,generated_point_omission,1,1,8,8,0,0
wall,0,64,11,before_generated_point_omission,generated_point_omission,1,1,8,8,0,0
wall,0,64,12,before_generated_point_omission,generated_point_omission,1,1,8,8,0,0
wall,0,64,13,before_generated_point_omission,generated_point_omission,1,1,8,8,0,0
wall,0,64,14,before_generated_point_omission,generated_point_omission,1,1,8,8,0,0
wall,0,64,15,before_generated_point_omission,generated_point_omission,1,1,8,8,0,0
wall,0,64,16,before_generated_point_omission,generated_point_omission,1,1,8,8,0,0
wall,0,64,17,before_generated_point_omission,generated_point_omission,1,1,8,8,0,0
wall,0,64,18,before_generated_point_omission,generated_point_omission,1,1,8,8,0,0
wall,0,64,19,before_generated_point_omission,generated_point_omission,1,1,8,8,0,0
wall,0,64,20,before_generated_point_omission,generated_point_omission,1,1,8,8,0,0
wall,0,64,21,before_generated_point_omission,generated_point_omission,1,1,8,8,0,0
wall,0,64,22,before_generated_point_omission,generated_point_omission,1,1,8,8,0,0
wall,0,64,23,before_generated_point_omission,generated_point_omission,1,1,8,8,0,0
wall,0,64,24,before_generated_point_omission,generated_point_omission,1,1,8,8,0,0
wall,0,64,25,before_generated_point_omission,generated_point_omission,1,1,8,8,0,0
wall,0,64,26,before_generated_point_omission,generated_point_omission,1,1,8,8,0,0
wall,0,64,27,before_generated_point_omission,generated_point_omission,1,1,8,8,0,0
wall,0,64,28,before_generated_point_omission,generated_point_omission,1,1,8,8,0,0
wall,0,64,29,before_generated_point_omission,generated_point_omission,1,1,8,8,0,0
wall,0,64,30,before_generated_point_omission,generated_point_omission,1,1,8,8,0,0
wall,0,64,31,before_generated_point_omission,generated_point_omission,1,1,8,8,0,0
wall,0,64,32,before_generated_point_omission,generated_point_omission,1,1,8,8,0,0
wall,0,64,33,before_generated_point_omission,generated_point_omission,1,1,8,8,0,0
wall,0,64,34,before_generated_point_omission,generated_point_omission,1,1,8,8,0,0
wall,0,64,35,before_generated_point_omission,generated_point_omission,1,1,8,8,0,0
wall,0,64,36,before_generated_point_omission,generated_point_omission,1,1,8,8,0,0
wall,0,64,37,before_generated_point_omission,generated_point_omission,1,1,8,8,0,0
wall,0,64,38,before_generated_point_omission,generated_point_omission,1,1,8,8,0,0
wall,0,64,39,before_generated_point_omission,generated_point_omission,1,1,8,8,0,0
wall,0,64,40,before_generated_point_omission,generated_point_omission,1,1,8,8,0,0
wall,0,64,41,before_generated_point_omission,generated_point_omission,1,1,8,8,0,0
wall,0,64,42,before_generated_point_omission,generated_point_omission,1,1,8,8,0,0
wall,0,64,43,before_generated_point_omission,generated_point_omission,1,1,8,8,0,0
wall,0,64,44,before_generated_point_omission,generated_point_omission,1,1,8,8,0,0
wall,0,64,45,before_generated_point_omission,generated_point_omission,1,1,8,8,0,0
wall,0,64,46,before_generated_point_omission,generated_point_omission,1,1,8,8,0,0
wall,0,64,47,before_generated_point_omission,generated_point_omission,1,1,8,8,0,0
wall,0,64,48,before_generated_point_omission,generated_point_omission,1,1,8,8,0,0
wall,0,64,49,before_generated_point_omission,generated_point_omission,1,1,8,8,0,0
wall,0,64,50,before_generated_point_omission,generated_point_omission,1,1,8,8,0,0
wall,0,64,51,before_generated_point_omission,generated_point_omission,1,1,8,8,0,0
wall,0,64,52,before_generated_point_omission,generated_point_omission,1,1,8,8,0,0
wall,0,64,53,before_generated_point_omission,generated_point_omission,1,1,8,8,0,0
wall,0,64,54,before_generated_point_omission,generated_point_omission,1,1,8,8,0,0
wall,0,64,55,before_generated_point_omission,generated_point_omission,1,1,8,8,0,0
wall,0,64,56,before_generated_point_omission,generated_point_omission,1,1,8,8,0,0
wall,0,64,57,before_generated_point_omission,generated_point_omission,1,1,8,8,0,0
wall,0,64,58,before_generated_point_omission,generated_point_omission,1,1,8,8,0,0
wall,0,64,59,before_generated_point_omission,generated_point_omission,1,1,8,8,0,0
wall,0,64,60,before_generated_point_omission,generated_point_omission,1,1,8,8,0,0
wall,0,64,61,before_generated_point_omission,generated_point_omission,1,1,8,8,0,0
wall,0,64,62,before_generated_point_omission,generated_point_omission,1,1,8,8,0,0
wall,0,64,63,before_generated_point_omission,generated_point_omission,1,1,8,8,0,0
concave,0,64,0,before_generated_point_omission,generated_point_omission,1,1,10,10,0,0
concave,0,64,1,before_generated_point_omission,generated_point_omission,1,1,10,10,0,0
concave,0,64,2,before_generated_point_omission,generated_point_omission,1,1,11,11,0,0
concave,0,64,3,before_generated_point_omission,generated_point_omission,1,1,11,11,0,0
concave,0,64,4,before_generated_point_omission,generated_point_omission,1,1,11,11,0,0
concave,0,64,5,before_generated_point_omission,generated_point_omission,1,1,11,11,0,0
hollow,0,64,0,before_generated_point_omission,generated_point_omission,5,5,32,32,0,0
hollow,0,64,1,before_generated_point_omission,generated_point_omission,5,5,32,32,0,0
hollow,0,64,2,before_generated_point_omission,generated_point_omission,5,5,32,32,0,0
hollow,0,64,3,before_generated_point_omission,generated_point_omission,5,5,32,32,0,0
hollow,0,64,4,before_generated_point_omission,generated_point_omission,5,5,32,32,0,0
hollow,0,64,5,before_generated_point_omission,generated_point_omission,5,5,32,32,0,0
hollow,0,64,6,before_generated_point_omission,generated_point_omission,5,5,32,32,0,0
hollow,0,64,7,before_generated_point_omission,generated_point_omission,5,5,32,32,0,0
impact_local,0,64,0,before_generated_point_omission,generated_point_omission,1,1,10,10,0,0
impact_local,0,64,1,before_generated_point_omission,generated_point_omission,1,1,10,10,0,0
impact_local,0,64,2,before_generated_point_omission,generated_point_omission,1,1,10,10,0,0
impact_local,0,64,3,before_generated_point_omission,generated_point_omission,1,1,10,10,0,0
impact_local,0,64,4,before_generated_point_omission,generated_point_omission,1,1,10,10,0,0
impact_local,0,64,5,before_generated_point_omission,generated_point_omission,1,1,10,10,0,0
impact_local,0,64,6,before_generated_point_omission,generated_point_omission,1,1,10,10,0,0
impact_local,0,64,7,before_generated_point_omission,generated_point_omission,1,1,10,10,0,0
impact_local,0,64,8,before_generated_point_omission,generated_point_omission,1,1,10,10,0,0
impact_local,0,64,9,before_generated_point_omission,generated_point_omission,1,1,10,10,0,0
impact_local,0,64,10,before_generated_point_omission,generated_point_omission,1,1,10,10,0,0
impact_local,0,64,11,before_generated_point_omission,generated_point_omission,1,1,10,10,0,0
impact_local,0,64,12,before_generated_point_omission,generated_point_omission,1,1,12,12,0,0
impact_local,0,64,13,before_generated_point_omission,generated_point_omission,1,1,12,12,0,0
impact_local,0,64,14,before_generated_point_omission,generated_point_omission,1,1,12,12,0,0
impact_local,0,64,15,before_generated_point_omission,generated_point_omission,1,1,12,12,0,0
impact_local,0,64,16,before_generated_point_omission,generated_point_omission,1,1,10,10,0,0
impact_local,0,64,17,before_generated_point_omission,generated_point_omission,1,1,10,10,0,0
impact_local,0,64,18,before_generated_point_omission,generated_point_omission,1,1,10,10,0,0
impact_local,0,64,19,before_generated_point_omission,generated_point_omission,1,1,10,10,0,0
impact_local,0,64,20,before_generated_point_omission,generated_point_omission,1,1,10,10,0,0
impact_local,0,64,21,before_generated_point_omission,generated_point_omission,1,1,10,10,0,0
impact_local,0,64,22,before_generated_point_omission,generated_point_omission,1,1,12,12,0,0
impact_local,0,64,23,before_generated_point_omission,generated_point_omission,1,1,12,12,0,0
impact_local,0,64,24,before_generated_point_omission,generated_point_omission,1,1,10,10,0,0
impact_local,0,64,25,before_generated_point_omission,generated_point_omission,1,1,10,10,0,0
impact_local,0,64,26,before_generated_point_omission,generated_point_omission,1,1,8,8,0,0
impact_local,0,64,27,before_generated_point_omission,generated_point_omission,1,1,8,8,0,0
impact_local,0,64,28,before_generated_point_omission,generated_point_omission,1,1,8,8,0,0
impact_local,0,64,29,before_generated_point_omission,generated_point_omission,1,1,8,8,0,0
impact_local,0,64,30,before_generated_point_omission,generated_point_omission,1,1,12,12,0,0
impact_local,0,64,31,before_generated_point_omission,generated_point_omission,1,1,12,12,0,0
impact_local,0,64,32,before_generated_point_omission,generated_point_omission,1,1,10,10,0,0
impact_local,0,64,33,before_generated_point_omission,generated_point_omission,1,1,8,8,0,0
impact_local,0,64,34,before_generated_point_omission,generated_point_omission,1,1,9,9,0,0
impact_local,0,64,35,before_generated_point_omission,generated_point_omission,1,1,8,8,0,0
impact_local,0,64,36,before_generated_point_omission,generated_point_omission,1,1,8,8,0,0
impact_local,0,64,37,before_generated_point_omission,generated_point_omission,1,1,9,9,0,0
impact_local,0,64,38,before_generated_point_omission,generated_point_omission,1,1,9,9,0,0
impact_local,0,64,39,before_generated_point_omission,generated_point_omission,1,1,9,9,0,0
impact_local,0,64,40,before_generated_point_omission,generated_point_omission,1,1,11,11,0,0
impact_local,0,64,41,before_generated_point_omission,generated_point_omission,1,1,10,10,0,0
impact_local,0,64,42,before_generated_point_omission,generated_point_omission,1,1,11,11,0,0
impact_local,0,64,43,before_generated_point_omission,generated_point_omission,1,1,11,11,0,0
impact_local,0,64,44,before_generated_point_omission,generated_point_omission,1,1,10,10,0,0
impact_local,0,64,45,before_generated_point_omission,generated_point_omission,1,1,10,10,0,0
impact_local,0,64,46,before_generated_point_omission,generated_point_omission,1,1,11,11,0,0
impact_local,0,64,47,before_generated_point_omission,generated_point_omission,1,1,10,10,0,0
impact_local,0,64,48,before_generated_point_omission,generated_point_omission,1,1,14,14,0,0
impact_local,0,64,49,before_generated_point_omission,generated_point_omission,1,1,15,15,0,0
impact_local,0,64,50,before_generated_point_omission,generated_point_omission,1,1,8,8,0,0
impact_local,0,64,51,before_generated_point_omission,generated_point_omission,1,1,8,8,0,0
impact_local,0,64,52,before_generated_point_omission,generated_point_omission,1,1,10,10,0,0
impact_local,0,64,53,before_generated_point_omission,generated_point_omission,1,1,10,10,0,0
impact_local,0,64,54,before_generated_point_omission,generated_point_omission,1,1,14,14,0,0
impact_local,0,64,55,before_generated_point_omission,generated_point_omission,1,1,15,15,0,0
impact_local,0,64,56,before_generated_point_omission,generated_point_omission,1,1,11,11,0,0
impact_local,0,64,57,before_generated_point_omission,generated_point_omission,1,1,11,11,0,0
impact_local,0,64,58,before_generated_point_omission,generated_point_omission,1,1,11,11,0,0
impact_local,0,64,59,before_generated_point_omission,generated_point_omission,1,1,10,10,0,0
impact_local,0,64,60,before_generated_point_omission,generated_point_omission,1,1,10,10,0,0
impact_local,0,64,61,before_generated_point_omission,generated_point_omission,1,1,11,11,0,0
impact_local,0,64,62,before_generated_point_omission,generated_point_omission,1,1,11,11,0,0
impact_local,0,64,63,before_generated_point_omission,generated_point_omission,1,1,13,13,0,0
staircase,4,64,0,before_generated_point_omission,generated_point_omission,4,4,32,32,0,0
staircase,8,64,0,before_generated_point_omission,generated_point_omission,8,8,64,64,0,0
staircase,16,64,0,before_generated_point_omission,generated_point_omission,16,16,128,128,0,0
staircase,32,64,0,before_generated_point_omission,generated_point_omission,32,32,256,256,0,0
staircase,64,64,0,before_generated_point_omission,generated_point_omission,64,64,512,512,0,0
rotation_box,0,128,0,before_generated_point_omission,generated_point_omission,1,1,8,8,0,0
rotation_box,0,4,0,before_generated_point_omission,generated_point_omission,12,12,48,48,0,0
rotation_box,1,128,0,before_generated_point_omission,generated_point_omission,1,1,8,8,0,0
rotation_box,1,4,0,before_generated_point_omission,generated_point_omission,12,12,48,48,0,0
rotation_box,2,128,0,before_generated_point_omission,generated_point_omission,1,1,8,8,0,0
rotation_box,2,4,0,before_generated_point_omission,generated_point_omission,12,12,48,48,0,0
rotation_box,3,128,0,before_generated_point_omission,generated_point_omission,1,1,8,8,0,0
rotation_box,3,4,0,before_generated_point_omission,generated_point_omission,12,12,48,48,0,0
rotation_box,4,128,0,before_generated_point_omission,generated_point_omission,1,1,8,8,0,0
rotation_box,4,4,0,before_generated_point_omission,generated_point_omission,12,12,48,48,0,0
rotation_box,5,128,0,before_generated_point_omission,generated_point_omission,1,1,8,8,0,0
rotation_box,5,4,0,before_generated_point_omission,generated_point_omission,12,12,48,48,0,0
rotation_box,6,128,0,before_generated_point_omission,generated_point_omission,1,1,8,8,0,0
rotation_box,6,4,0,before_generated_point_omission,generated_point_omission,12,12,48,48,0,0
rotation_box,7,128,0,before_generated_point_omission,generated_point_omission,1,1,8,8,0,0
rotation_box,7,4,0,before_generated_point_omission,generated_point_omission,12,12,48,48,0,0
rotation_box,8,128,0,before_generated_point_omission,generated_point_omission,1,1,8,8,0,0
rotation_box,8,4,0,before_generated_point_omission,generated_point_omission,12,12,48,48,0,0
rotation_box,9,128,0,before_generated_point_omission,generated_point_omission,1,1,8,8,0,0
rotation_box,9,4,0,before_generated_point_omission,generated_point_omission,12,12,48,48,0,0
rotation_box,10,128,0,before_generated_point_omission,generated_point_omission,1,1,8,8,0,0
rotation_box,10,4,0,before_generated_point_omission,generated_point_omission,12,12,48,48,0,0
rotation_box,11,128,0,before_generated_point_omission,generated_point_omission,1,1,8,8,0,0
rotation_box,11,4,0,before_generated_point_omission,generated_point_omission,12,12,48,48,0,0
rotation_l_prism,0,128,0,before_generated_point_omission,generated_point_omission,2,2,19,16,0,3
rotation_l_prism,0,4,0,before_generated_point_omission,generated_point_omission,30,24,120,96,6,24
rotation_l_prism,1,128,0,before_generated_point_omission,generated_point_omission,2,2,19,16,0,3
rotation_l_prism,1,4,0,before_generated_point_omission,generated_point_omission,26,24,104,96,2,8
rotation_l_prism,2,128,0,before_generated_point_omission,generated_point_omission,2,2,19,16,0,3
rotation_l_prism,2,4,0,before_generated_point_omission,generated_point_omission,28,24,112,96,4,16
rotation_l_prism,3,128,0,before_generated_point_omission,generated_point_omission,2,2,19,16,0,3
rotation_l_prism,3,4,0,before_generated_point_omission,generated_point_omission,28,24,112,96,4,16
rotation_l_prism,4,128,0,before_generated_point_omission,generated_point_omission,2,2,19,16,0,3
rotation_l_prism,4,4,0,before_generated_point_omission,generated_point_omission,30,24,120,96,6,24
rotation_l_prism,5,128,0,before_generated_point_omission,generated_point_omission,2,2,19,16,0,3
rotation_l_prism,5,4,0,before_generated_point_omission,generated_point_omission,30,24,120,96,6,24
rotation_l_prism,6,128,0,before_generated_point_omission,generated_point_omission,2,2,18,16,0,2
rotation_l_prism,6,4,0,before_generated_point_omission,generated_point_omission,28,24,112,96,4,16
rotation_l_prism,7,128,0,before_generated_point_omission,generated_point_omission,2,2,19,16,0,3
rotation_l_prism,7,4,0,before_generated_point_omission,generated_point_omission,30,24,120,96,6,24
rotation_l_prism,8,128,0,before_generated_point_omission,generated_point_omission,2,2,18,16,0,2
rotation_l_prism,8,4,0,before_generated_point_omission,generated_point_omission,28,24,112,96,4,16
rotation_l_prism,9,128,0,before_generated_point_omission,generated_point_omission,2,2,21,16,0,5
rotation_l_prism,9,4,0,before_generated_point_omission,generated_point_omission,30,24,120,96,6,24
rotation_l_prism,10,128,0,before_generated_point_omission,generated_point_omission,2,2,19,16,0,3
rotation_l_prism,10,4,0,before_generated_point_omission,generated_point_omission,30,24,120,96,6,24
rotation_l_prism,11,128,0,before_generated_point_omission,generated_point_omission,2,2,19,16,0,3
rotation_l_prism,11,4,0,before_generated_point_omission,generated_point_omission,30,24,120,96,6,24
rotation_hollow,0,128,0,before_generated_point_omission,generated_point_omission,39,39,359,222,0,137
rotation_hollow,0,4,0,before_generated_point_omission,generated_point_omission,515,267,2060,1068,248,992
rotation_hollow,1,128,0,before_generated_point_omission,generated_point_omission,31,31,259,176,0,83
rotation_hollow,1,4,0,before_generated_point_omission,generated_point_omission,357,210,1428,840,147,588
rotation_hollow,2,128,0,before_generated_point_omission,generated_point_omission,41,41,356,226,0,130
rotation_hollow,2,4,0,before_generated_point_omission,generated_point_omission,508,255,2032,1020,253,1012
rotation_hollow,3,128,0,before_generated_point_omission,generated_point_omission,39,39,395,218,0,177
rotation_hollow,3,4,0,before_generated_point_omission,generated_point_omission,570,253,2280,1012,317,1268
rotation_hollow,4,128,0,before_generated_point_omission,generated_point_omission,28,28,227,160,0,67
rotation_hollow,4,4,0,before_generated_point_omission,generated_point_omission,303,190,1212,760,113,452
rotation_hollow,5,128,0,before_generated_point_omission,generated_point_omission,32,32,285,182,0,103
rotation_hollow,5,4,0,before_generated_point_omission,generated_point_omission,394,218,1576,872,176,704
rotation_hollow,6,128,0,before_generated_point_omission,generated_point_omission,39,39,410,217,0,193
rotation_hollow,6,4,0,before_generated_point_omission,generated_point_omission,604,251,2416,1004,353,1412
rotation_hollow,7,128,0,before_generated_point_omission,generated_point_omission,34,34,338,194,0,144
rotation_hollow,7,4,0,before_generated_point_omission,generated_point_omission,486,234,1944,936,252,1008
rotation_hollow,8,128,0,before_generated_point_omission,generated_point_omission,40,40,382,222,0,160
rotation_hollow,8,4,0,before_generated_point_omission,generated_point_omission,546,254,2184,1016,292,1168
rotation_hollow,9,128,0,before_generated_point_omission,generated_point_omission,41,41,380,228,0,152
rotation_hollow,9,4,0,before_generated_point_omission,generated_point_omission,545,265,2180,1060,280,1120
rotation_hollow,10,128,0,before_generated_point_omission,generated_point_omission,49,49,434,269,0,165
rotation_hollow,10,4,0,before_generated_point_omission,generated_point_omission,629,303,2516,1212,326,1304
rotation_hollow,11,128,0,before_generated_point_omission,generated_point_omission,31,31,298,176,0,122
rotation_hollow,11,4,0,before_generated_point_omission,generated_point_omission,412,210,1648,840,202,808
rotation_nested,0,128,0,before_generated_point_omission,generated_point_omission,57,57,541,346,0,195
rotation_nested,0,4,0,before_generated_point_omission,generated_point_omission,784,443,3136,1772,341,1364
rotation_nested,1,128,0,before_generated_point_omission,generated_point_omission,45,45,406,276,0,130
rotation_nested,1,4,0,before_generated_point_omission,generated_point_omission,590,354,2360,1416,236,944
rotation_nested,2,128,0,before_generated_point_omission,generated_point_omission,61,61,585,370,0,215
rotation_nested,2,4,0,before_generated_point_omission,generated_point_omission,809,469,3236,1876,340,1360
rotation_nested,3,128,0,before_generated_point_omission,generated_point_omission,63,63,653,384,0,269
rotation_nested,3,4,0,before_generated_point_omission,generated_point_omission,956,492,3824,1968,464,1856
rotation_nested,4,128,0,before_generated_point_omission,generated_point_omission,43,43,383,268,0,115
rotation_nested,4,4,0,before_generated_point_omission,generated_point_omission,531,346,2124,1384,185,740
rotation_nested,5,128,0,before_generated_point_omission,generated_point_omission,44,44,412,266,0,146
rotation_nested,5,4,0,before_generated_point_omission,generated_point_omission,600,338,2400,1352,262,1048
rotation_nested,6,128,0,before_generated_point_omission,generated_point_omission,64,64,673,387,0,286
rotation_nested,6,4,0,before_generated_point_omission,generated_point_omission,1006,491,4024,1964,515,2060
rotation_nested,7,128,0,before_generated_point_omission,generated_point_omission,48,48,480,290,0,190
rotation_nested,7,4,0,before_generated_point_omission,generated_point_omission,708,370,2832,1480,338,1352
rotation_nested,8,128,0,before_generated_point_omission,generated_point_omission,64,64,639,390,0,249
rotation_nested,8,4,0,before_generated_point_omission,generated_point_omission,924,500,3696,2000,424,1696
rotation_nested,9,128,0,before_generated_point_omission,generated_point_omission,71,71,683,436,0,247
rotation_nested,9,4,0,before_generated_point_omission,generated_point_omission,989,561,3956,2244,428,1712
rotation_nested,10,128,0,before_generated_point_omission,generated_point_omission,83,83,785,507,0,278
rotation_nested,10,4,0,before_generated_point_omission,generated_point_omission,1147,649,4588,2596,498,1992
rotation_nested,11,128,0,before_generated_point_omission,generated_point_omission,45,45,447,276,0,171
rotation_nested,11,4,0,before_generated_point_omission,generated_point_omission,644,354,2576,1416,290,1160
